X,Y,OBJECTID,ACCIDENT_NO,ABS_CODE,ACCIDENT_STATUS,ACCIDENT_DATE,ACCIDENT_TIME,ALCOHOLTIME,ACCIDENT_TYPE,DAY_OF_WEEK,DCA_CODE,HIT_RUN_FLAG,LIGHT_CONDITION,POLICE_ATTEND,ROAD_GEOMETRY,SEVERITY,SPEED_ZONE,RUN_OFFROAD,NODE_ID,LONGITUDE,LATITUDE,NODE_TYPE,LGA_NAME,REGION_NAME,VICGRID_X,VICGRID_Y,TOTAL_PERSONS,INJ_OR_FATAL,FATALITY,SERIOUSINJURY,OTHERINJURY,NONINJURED,MALES,FEMALES,BICYCLIST,PASSENGER,DRIVER,PEDESTRIAN,PILLION,MOTORIST,UNKNOWN,PED_CYCLIST_5_12,PED_CYCLIST_13_18,OLD_PEDESTRIAN,OLD_DRIVER,YOUNG_DRIVER,ALCOHOL_RELATED,UNLICENCSED,NO_OF_VEHICLES,HEAVYVEHICLE,PASSENGERVEHICLE,MOTORCYCLE,PUBLICVEHICLE,DEG_URBAN_NAME,DEG_URBAN_ALL,LGA_NAME_ALL,REGION_NAME_ALL,SRNS,SRNS_ALL,RMA,RMA_ALL,DIVIDED,DIVIDED_ALL,STAT_DIV_NAME
2496044.755,2408879.827,10900,T20160009209,ABS to receive accident,Finished,2016/04/22 00:00:00+00,1899/12/30 16:00:00+00,Yes,Struck Pedestrian,Friday,PED EMERGES FROM IN FRONT OF PARKED OR STATIONARY VEHICLE,No,Unk.,No,Cross intersection,Other injury accident,40 km/hr,No,35349,144.9550968,-37.82121901,Intersection,MELBOURNE,METROPOLITAN NORTH WEST REGION,2496044.755,2408879.827,2,1,0,0,1,0,1,0,0,0,1,1,0,0,0,0,0,0,0,0,Not Alcohol Related,0,1,0,1,0,0,MELBOURNE_CBD,"MELB_URBAN,MELBOURNE_CBD",MELBOURNE,METROPOLITAN NORTH WEST REGION,,,Arterial Other,"Local Road,Arterial Other",Undivided,Undivided,Metro
2496311.27,2408153.611,10924,T20160008433,ABS to receive accident,Finished,2016/04/17 00:00:00+00,1899/12/30 00:10:00+00,No,Struck Pedestrian,,ANY MANOEUVRE INVOLVING PED NOT INCLUDED IN DCAs 100-108.,No,Dark Street lights unknown,No,Cross intersection,Other injury accident,60 km/hr,No,36875,144.9580985,-37.82764333,Intersection,MELBOURNE,METROPOLITAN NORTH WEST REGION,2496311.27,2408153.611,2,2,0,0,2,0,2,0,0,0,1,1,0,0,0,0,0,0,1,0,Not Alcohol Related,0,1,0,1,0,0,MELB_URBAN,MELB_URBAN,MELBOURNE,METROPOLITAN NORTH WEST REGION,,,Arterial Other,Arterial Other,Undivided,Undivided,Metro
2496459.372,2409778.416,10998,T20160008736,ABS to receive accident,Finished,2016/04/21 00:00:00+00,1899/12/30 20:25:00+00,Yes,Struck Pedestrian,Thursday,PED NEAR SIDE. PED HIT BY VEHICLE FROM THE RIGHT.,Yes,Dark Street lights on,Yes,Cross intersection,Other injury accident,40 km/hr,No,29418,144.9597616,-37.81293729,Intersection,MELBOURNE,METROPOLITAN NORTH WEST REGION,2496459.372,2409778.416,2,1,0,0,1,1,2,0,0,0,1,1,0,0,0,0,0,0,0,1,Not Alcohol Related,0,1,0,1,0,0,MELBOURNE_CBD,MELBOURNE_CBD,MELBOURNE,METROPOLITAN NORTH WEST REGION,,,Local Road,Local Road,Divided,"Undivided,Divided",Metro
2496167.751,2408545.714,11118,T20160008907,ABS to receive accident,Finished,2016/04/22 00:00:00+00,1899/12/30 00:30:00+00,Yes,Struck Pedestrian,Thursday,PED NEAR SIDE. PED HIT BY VEHICLE FROM THE RIGHT.,No,Dark Street lights on,Yes,Not at intersection,Serious injury accident,60 km/hr,No,303366,144.9564661,-37.82411172,Non-Intersection,MELBOURNE,METROPOLITAN NORTH WEST REGION,2496167.751,2408545.714,2,1,0,1,0,1,2,0,0,0,1,1,0,0,0,0,0,0,0,1,Not Alcohol Related,0,1,0,1,0,0,MELB_URBAN,MELB_URBAN,MELBOURNE,METROPOLITAN NORTH WEST REGION,,,Arterial Other,Arterial Other,Undivided,Undivided,Metro
2495807.469,2411706.787,11159,T20160009141,ABS to receive accident,Finished,2016/04/27 00:00:00+00,1899/12/30 08:24:00+00,No,Struck Pedestrian,Wednesday,PED NEAR SIDE. PED HIT BY VEHICLE FROM THE RIGHT.,No,Day,Yes,T intersection,Other injury accident,50 km/hr,No,36136,144.9523959,-37.79562692,Intersection,MELBOURNE,METROPOLITAN NORTH WEST REGION,2495807.469,2411706.787,2,1,0,0,1,1,1,1,0,0,1,1,0,0,0,0,0,0,0,0,Not Alcohol Related,0,1,0,1,0,0,MELB_URBAN,MELB_URBAN,MELBOURNE,METROPOLITAN NORTH WEST REGION,,,Local Road,Local Road,Divided,"Divided,Undivided",Metro
2493387.463,2412195.59,11247,T20160009563,ABS to receive accident,Finished,2016/02/28 00:00:00+00,1899/12/30 13:00:00+00,No,Struck Pedestrian,Sunday,FAR SIDE. PED HIT BY VEHICLE FROM THE LEFT,No,Day,No,T intersection,Other injury accident,50 km/hr,No,38825,144.9249393,-37.79121792,Intersection,MELBOURNE,METROPOLITAN NORTH WEST REGION,2493387.463,2412195.59,2,1,0,0,1,1,1,0,0,0,1,1,0,0,0,1,0,0,0,0,Not Alcohol Related,0,1,0,1,0,0,MELB_URBAN,MELB_URBAN,MELBOURNE,METROPOLITAN NORTH WEST REGION,,,Local Road,Local Road,Undivided,Undivided,Metro
2497024.593,2410678.667,11333,T20160009153,ABS to receive accident,Finished,2016/04/27 00:00:00+00,1899/12/30 12:02:00+00,No,Struck Pedestrian,Wednesday,PED NEAR SIDE. PED HIT BY VEHICLE FROM THE RIGHT.,No,Day,Yes,Cross intersection,Serious injury accident,40 km/hr,No,35318,144.9661986,-37.80484328,Intersection,MELBOURNE,METROPOLITAN NORTH WEST REGION,2497024.593,2410678.667,2,1,0,1,0,1,1,1,0,0,1,1,0,0,0,0,0,1,1,0,Not Alcohol Related,0,1,0,1,0,0,MELB_URBAN,MELB_URBAN,MELBOURNE,METROPOLITAN NORTH WEST REGION,,,Local Road,Local Road,Divided,Divided,Metro
2496040.056,2411260.125,11966,T20160011872,ABS to receive accident,Finished,2016/05/30 00:00:00+00,1899/12/30 17:53:00+00,No,Struck Pedestrian,Monday,PED NEAR SIDE. PED HIT BY VEHICLE FROM THE RIGHT.,Yes,Dusk/Dawn,No,Cross intersection,Other injury accident,50 km/hr,No,289043,144.9552513,-37.79953616,Intersection,MELBOURNE,METROPOLITAN NORTH WEST REGION,2496040.056,2411260.125,2,1,0,0,1,0,0,1,0,0,0,1,0,0,1,0,0,0,0,0,Not Alcohol Related,0,1,0,0,0,0,MELB_URBAN,MELB_URBAN,MELBOURNE,METROPOLITAN NORTH WEST REGION,,,Arterial Other,"Arterial Other,Local Road",Divided,"Undivided,Divided",Metro
2495372.033,2411929.888,12174,T20160011815,ABS to receive accident,Finished,2016/05/30 00:00:00+00,1899/12/30 07:40:00+00,Yes,Struck Pedestrian,Sunday,PED NEAR SIDE. PED HIT BY VEHICLE FROM THE RIGHT.,No,Day,Yes,T intersection,Serious injury accident,60 km/hr,No,29375,144.9474218,-37.79371238,Intersection,MELBOURNE,METROPOLITAN NORTH WEST REGION,2495372.033,2411929.888,2,1,0,1,0,1,0,2,0,0,1,1,0,0,0,0,1,0,0,1,Not Alcohol Related,0,1,0,1,0,0,MELB_URBAN,MELB_URBAN,MELBOURNE,METROPOLITAN NORTH WEST REGION,,,Arterial Other,"Local Road,Arterial Other",Divided,"Undivided,Divided",Metro
2496181.83,2411117.985,12248,T20160012700,ABS to receive accident,Finished,2016/05/31 00:00:00+00,1899/12/30 12:00:00+00,No,Struck Pedestrian,Tuesday,PED NEAR SIDE. PED HIT BY VEHICLE FROM THE RIGHT.,Yes,Day,No,T intersection,Other injury accident,50 km/hr,No,36213,144.9566177,-37.80092706,Intersection,MELBOURNE,METROPOLITAN NORTH WEST REGION,2496181.83,2411117.985,2,1,0,0,1,0,1,0,0,0,0,1,0,0,1,0,0,1,0,0,Not Alcohol Related,0,1,0,0,0,0,MELB_URBAN,MELB_URBAN,MELBOURNE,METROPOLITAN NORTH WEST REGION,,,Arterial Other,"Arterial Other,Local Road",Divided,"Undivided,Divided",Metro
2494614.88,2412435.999,12260,T20160010321,ABS to receive accident,Finished,2016/05/11 00:00:00+00,1899/12/30 09:00:00+00,No,Struck Pedestrian,Wednesday,PED EMERGES FROM IN FRONT OF PARKED OR STATIONARY VEHICLE,No,Day,Yes,Not at intersection,Serious injury accident,60 km/hr,No,303802,144.9388582,-37.7890461,Non-Intersection,MELBOURNE,METROPOLITAN NORTH WEST REGION,2494614.88,2412435.999,2,1,0,1,0,1,2,0,0,0,1,1,0,0,0,0,0,0,0,0,Not Alcohol Related,0,1,0,0,0,1,MELB_URBAN,MELB_URBAN,MELBOURNE,METROPOLITAN NORTH WEST REGION,,,Arterial Highway,Arterial Highway,Undivided,Undivided,Metro
2496617.766,2410084.261,12601,T20160012697,ABS to receive accident,Finished,2016/06/09 00:00:00+00,1899/12/30 11:20:00+00,No,Struck Pedestrian,Thursday,FAR SIDE. PED HIT BY VEHICLE FROM THE LEFT,No,Day,Yes,Not at intersection,Serious injury accident,40 km/hr,No,602618,144.9614884,-37.80999858,Non-Intersection,MELBOURNE,METROPOLITAN NORTH WEST REGION,2496617.766,2410084.261,2,1,0,1,0,1,2,0,0,0,0,1,0,1,0,0,0,0,0,0,Not Alcohol Related,0,1,0,0,1,0,MELBOURNE_CBD,"MELB_URBAN,MELBOURNE_CBD",MELBOURNE,METROPOLITAN NORTH WEST REGION,,,Local Road,Local Road,Undivided,Undivided,Metro
2496459.372,2409778.416,12663,T20160013799,ABS to receive accident,Finished,2016/06/23 00:00:00+00,1899/12/30 19:30:00+00,Yes,Struck Pedestrian,Thursday,PED NEAR SIDE. PED HIT BY VEHICLE FROM THE RIGHT.,No,Dark Street lights on,Yes,Cross intersection,Other injury accident,50 km/hr,No,29418,144.9598844,-37.81290625,Intersection,MELBOURNE,METROPOLITAN NORTH WEST REGION,2496459.372,2409778.416,2,2,0,0,2,0,2,0,0,0,1,1,0,0,0,0,0,0,0,1,Not Alcohol Related,0,1,0,1,0,0,MELBOURNE_CBD,MELBOURNE_CBD,MELBOURNE,METROPOLITAN NORTH WEST REGION,,,Local Road,Local Road,Divided,"Undivided,Divided",Metro
2496165.019,2409916.976,12688,T20160013372,ABS to receive accident,Finished,2016/06/18 00:00:00+00,1899/12/30 07:00:00+00,Yes,Struck Pedestrian,Saturday,FAR SIDE. PED HIT BY VEHICLE FROM THE LEFT,No,Dusk/Dawn,Yes,Cross intersection,Serious injury accident,40 km/hr,No,65799,144.9564464,-37.81175477,Intersection,MELBOURNE,METROPOLITAN NORTH WEST REGION,2496165.019,2409916.976,2,1,0,1,0,1,2,0,0,0,1,1,0,0,0,0,0,0,0,0,Not Alcohol Related,0,1,0,1,0,0,MELBOURNE_CBD,"MELB_URBAN,MELBOURNE_CBD",MELBOURNE,METROPOLITAN NORTH WEST REGION,,,Local Road,Local Road,Undivided,Undivided,Metro
2496481.99,2413511.358,12873,T20160012470,ABS to receive accident,Finished,2016/06/06 00:00:00+00,1899/12/30 16:20:00+00,Yes,Struck Pedestrian,Sunday,PED NEAR SIDE. PED HIT BY VEHICLE FROM THE RIGHT.,No,Day,Yes,Not at intersection,Other injury accident,60 km/hr,No,357901,144.9600225,-37.779365,Non-Intersection,MELBOURNE,METROPOLITAN NORTH WEST REGION,2496481.99,2413511.358,2,1,0,0,1,1,1,1,0,0,1,1,0,0,0,0,0,0,0,0,Not Alcohol Related,0,1,0,1,0,0,MELB_URBAN,MELB_URBAN,MELBOURNE,METROPOLITAN NORTH WEST REGION,,,Arterial Other,Arterial Other,Divided,Divided,Metro
2495942.728,2409837.911,12996,T20160014849,ABS to receive accident,Finished,2016/07/08 00:00:00+00,1899/12/30 07:10:00+00,No,Struck Pedestrian,Friday,PED NEAR SIDE. PED HIT BY VEHICLE FROM THE RIGHT.,No,Day,Yes,Cross intersection,Other injury accident,40 km/hr,No,65831,144.9540191,-37.81238876,Intersection,MELBOURNE,METROPOLITAN NORTH WEST REGION,2495942.728,2409837.911,2,2,0,0,2,0,1,1,1,0,0,1,0,0,0,0,0,1,0,0,Not Alcohol Related,0,1,0,0,0,0,MELBOURNE_CBD,"MELB_URBAN,MELBOURNE_CBD",MELBOURNE,METROPOLITAN NORTH WEST REGION,,,Arterial Other,"Local Road,Arterial Other",Divided,"Undivided,Divided",Metro
2498505.131,2408575.39,13111,T20160013962,ABS to receive accident,Finished,2016/06/26 00:00:00+00,1899/12/30 05:15:00+00,Yes,Struck Pedestrian,Sunday,PED PLAYING/LYING/WORKING/STANDING ON CARRIAGEWAY.,No,Dark Street lights on,Yes,Not at intersection,Serious injury accident,60 km/hr,No,305207,144.9829887,-37.82401341,Non-Intersection,MELBOURNE,METROPOLITAN NORTH WEST REGION,2498505.131,2408575.39,2,1,0,1,0,1,2,0,0,0,1,1,0,0,0,0,1,0,0,0,Not Alcohol Related,0,1,0,1,0,0,MELB_URBAN,MELB_URBAN,MELBOURNE,METROPOLITAN NORTH WEST REGION,,,Arterial Other,Arterial Other,Divided,Divided,Metro
2496044.019,2409134.37,13167,T20160014731,ABS to receive accident,Finished,2016/07/05 00:00:00+00,1899/12/30 12:37:00+00,No,Struck Pedestrian,Monday,FAR SIDE. PED HIT BY VEHICLE FROM THE LEFT,No,Day,Yes,Not at intersection,Other injury accident,40 km/hr,No,358224,144.9550667,-37.81880601,Non-Intersection,MELBOURNE,METROPOLITAN NORTH WEST REGION,2496044.019,2409134.37,2,1,0,0,1,1,2,0,0,0,1,1,0,0,0,0,0,0,0,0,Not Alcohol Related,0,1,0,1,0,0,MELBOURNE_CBD,MELBOURNE_CBD,MELBOURNE,METROPOLITAN NORTH WEST REGION,,,Local Road,Local Road,Undivided,Undivided,Metro
2495941.198,2408842.286,13227,T20160014896,ABS to receive accident,Finished,2016/07/08 00:00:00+00,1899/12/30 14:30:00+00,No,Struck Pedestrian,Friday,PED NEAR SIDE. PED HIT BY VEHICLE FROM THE RIGHT.,Not known,Day,No,Y intersection,Other injury accident,40 km/hr,No,290710,144.9539,-37.82148,Non-Intersection,MELBOURNE,METROPOLITAN NORTH WEST REGION,2495941.198,2408842.286,2,2,0,0,2,0,2,0,0,0,1,1,0,0,0,0,0,0,0,1,Not Alcohol Related,0,1,0,1,0,0,MELB_URBAN,MELB_URBAN,MELBOURNE,METROPOLITAN NORTH WEST REGION,,,Local Road,Local Road,Divided,"Divided,Undivided",Metro
2496281.097,2409590.698,13384,T20160015783,ABS to receive accident,Finished,2016/07/19 00:00:00+00,1899/12/30 22:23:00+00,Yes,Struck Pedestrian,Tuesday,FAR SIDE. PED HIT BY VEHICLE FROM THE LEFT,No,Dark No street lights,Yes,Cross intersection,Other injury accident,40 km/hr,No,36851,144.9576947,-37.8147275,Intersection,MELBOURNE,METROPOLITAN NORTH WEST REGION,2496281.097,2409590.698,2,1,0,0,1,1,2,0,0,0,1,1,0,0,0,0,0,0,0,0,Not Alcohol Related,0,1,0,1,0,0,MELBOURNE_CBD,MELBOURNE_CBD,MELBOURNE,METROPOLITAN NORTH WEST REGION,,,Local Road,Local Road,Undivided,Undivided,Metro
2496554.11,2410195.19,13824,T20160014246,ABS to receive accident,Finished,2016/06/30 00:00:00+00,1899/12/30 07:00:00+00,No,Struck Pedestrian,Thursday,FAR SIDE. PED HIT BY VEHICLE FROM THE LEFT,No,Dark Street lights on,Yes,Cross intersection,Other injury accident,40 km/hr,No,36882,144.9608014,-37.80926843,Intersection,MELBOURNE,METROPOLITAN NORTH WEST REGION,2496554.11,2410195.19,2,1,0,0,1,1,1,1,0,0,1,1,0,0,0,0,0,0,0,1,Not Alcohol Related,0,1,0,1,0,0,MELB_URBAN,MELB_URBAN,MELBOURNE,METROPOLITAN NORTH WEST REGION,,,Local Road,Local Road,Undivided,Undivided,Metro
2497206.268,2409759.744,13963,T20160015341,ABS to receive accident,Finished,2016/07/14 00:00:00+00,1899/12/30 16:20:00+00,No,Struck Pedestrian,Thursday,PED NEAR SIDE. PED HIT BY VEHICLE FROM THE RIGHT.,No,Dusk/Dawn,Yes,Cross intersection,Serious injury accident,40 km/hr,No,305865,144.9682946,-37.8131749,Intersection,MELBOURNE,METROPOLITAN NORTH WEST REGION,2497206.268,2409759.744,2,1,0,1,0,1,2,0,0,0,1,1,0,0,0,0,0,0,0,0,Not Alcohol Related,0,1,0,1,0,0,MELBOURNE_CBD,MELBOURNE_CBD,MELBOURNE,METROPOLITAN NORTH WEST REGION,,,Local Road,Local Road,Divided,"Undivided,Divided",Metro
2495372.033,2411929.888,13981,T20160016649,ABS to receive accident,Finished,2016/07/30 00:00:00+00,1899/12/30 20:10:00+00,Yes,Struck Pedestrian,Saturday,FAR SIDE. PED HIT BY VEHICLE FROM THE LEFT,No,Dark Street lights on,Yes,T intersection,Serious injury accident,60 km/hr,No,29375,144.9474531,-37.79361469,Intersection,MELBOURNE,METROPOLITAN NORTH WEST REGION,2495372.033,2411929.888,3,1,0,1,0,2,1,2,0,1,1,1,0,0,0,0,1,0,0,0,Not Alcohol Related,0,1,0,1,0,0,MELB_URBAN,MELB_URBAN,MELBOURNE,METROPOLITAN NORTH WEST REGION,,,Arterial Other,"Local Road,Arterial Other",Divided,"Undivided,Divided",Metro
2496115.998,2410570.292,14059,T20160017308,ABS to receive accident,Finished,2016/08/07 00:00:00+00,1899/12/30 10:30:00+00,No,Struck Pedestrian,Sunday,PED NEAR SIDE. PED HIT BY VEHICLE FROM THE RIGHT.,No,Unk.,No,Cross intersection,Serious injury accident,60 km/hr,No,29385,144.9558957,-37.80585619,Intersection,MELBOURNE,METROPOLITAN NORTH WEST REGION,2496115.998,2410570.292,2,1,0,1,0,1,0,2,0,0,1,1,0,0,0,0,0,1,0,0,Not Alcohol Related,0,1,0,1,0,0,MELB_URBAN,MELB_URBAN,MELBOURNE,METROPOLITAN NORTH WEST REGION,,,Arterial Other,"Arterial Other,Local Road",Divided,"Divided,Undivided",Metro
2496974.037,2409720.194,14202,T20160017019,ABS to receive accident,Finished,2016/08/03 00:00:00+00,1899/12/30 06:30:00+00,No,Struck Pedestrian,Wednesday,PED NEAR SIDE. PED HIT BY VEHICLE FROM THE RIGHT.,No,Dusk/Dawn,Yes,T intersection,Other injury accident,30km/hr,No,229,144.9656486,-37.81351031,Intersection,MELBOURNE,METROPOLITAN NORTH WEST REGION,2496974.037,2409720.194,2,1,0,0,1,0,0,1,1,0,0,1,0,0,0,0,0,0,0,0,Not Alcohol Related,0,1,0,0,0,0,MELBOURNE_CBD,MELBOURNE_CBD,MELBOURNE,METROPOLITAN NORTH WEST REGION,,,Local Road,Local Road,Undivided,Undivided,Metro
2495986.472,2409718.679,14251,T20160014025,ABS to receive accident,Finished,2016/06/27 00:00:00+00,1899/12/30 07:45:00+00,No,Struck Pedestrian,Monday,PED NEAR SIDE. PED HIT BY VEHICLE FROM THE RIGHT.,No,Day,Yes,Not at intersection,Serious injury accident,40 km/hr,No,305329,144.9544351,-37.81353435,Non-Intersection,MELBOURNE,METROPOLITAN NORTH WEST REGION,2495986.472,2409718.679,2,1,0,1,0,1,1,1,0,0,1,1,0,0,0,0,0,0,0,0,Not Alcohol Related,0,1,0,1,0,0,MELBOURNE_CBD,MELBOURNE_CBD,MELBOURNE,METROPOLITAN NORTH WEST REGION,,,Arterial Other,Arterial Other,Divided,Divided,Metro
2494959.077,2410455.07,14282,T20160016846,ABS to receive accident,Finished,2016/08/02 00:00:00+00,1899/12/30 09:58:00+00,No,Struck Pedestrian,Tuesday,PARKED CAR RUN AWAY,No,Day,Yes,Not at intersection,Serious injury accident,50 km/hr,No,306734,144.9426987,-37.80688517,Non-Intersection,MELBOURNE,METROPOLITAN NORTH WEST REGION,2494959.077,2410455.07,3,2,0,1,1,1,2,1,0,0,0,2,0,0,1,0,0,0,0,0,Not Alcohol Related,0,1,0,1,0,0,MELB_URBAN,MELB_URBAN,MELBOURNE,METROPOLITAN NORTH WEST REGION,,,Local Road,Local Road,Divided,Divided,Metro
2495478.623,2410610.322,14292,T20160016016,ABS to receive accident,Finished,2016/07/21 00:00:00+00,1899/12/30 22:00:00+00,Yes,Struck Pedestrian,Thursday,FAR SIDE. PED HIT BY VEHICLE FROM THE LEFT,No,Dark Street lights on,Yes,Cross intersection,Other injury accident,60 km/hr,No,29377,144.9485686,-37.80548487,Intersection,MELBOURNE,METROPOLITAN NORTH WEST REGION,2495478.623,2410610.322,2,1,0,0,1,1,2,0,0,0,1,1,0,0,0,0,0,0,0,0,Not Alcohol Related,0,1,0,1,0,0,MELB_URBAN,MELB_URBAN,MELBOURNE,METROPOLITAN NORTH WEST REGION,,,Arterial Other,"Arterial Other,Local Road",Divided,Divided,Metro
2497130.543,2409406.298,14376,T20160014251,ABS to receive accident,Finished,2016/06/30 00:00:00+00,1899/12/30 09:45:00+00,No,Struck Pedestrian,Wednesday,VEH STRIKES PED ON FOOTPATH/MEDIAN/TRAFFIC ISLAND.,No,Day,Yes,Not at intersection,Serious injury accident,40 km/hr,No,305863,144.9673938,-37.81632524,Non-Intersection,MELBOURNE,METROPOLITAN NORTH WEST REGION,2497130.543,2409406.298,2,1,0,1,0,1,1,1,0,0,1,1,0,0,0,0,0,0,0,0,Not Alcohol Related,0,1,0,1,0,0,MELBOURNE_CBD,MELBOURNE_CBD,MELBOURNE,METROPOLITAN NORTH WEST REGION,,,Local Road,Local Road,Undivided,Undivided,Metro
2496862.573,2410465.536,14512,T20160014716,ABS to receive accident,Finished,2016/07/05 00:00:00+00,1899/12/30 20:20:00+00,Yes,Struck Pedestrian,Tuesday,FAR SIDE. PED HIT BY VEHICLE FROM THE LEFT,No,Dark Street lights on,Not known,Cross intersection,Other injury accident,60 km/hr,No,36287,144.9644188,-37.8068263,Intersection,MELBOURNE,METROPOLITAN NORTH WEST REGION,2496862.573,2410465.536,2,1,0,0,1,0,1,0,0,0,1,1,0,0,0,0,0,0,0,0,Not Alcohol Related,0,1,0,1,0,0,MELB_URBAN,MELB_URBAN,MELBOURNE,METROPOLITAN NORTH WEST REGION,,,Arterial Other,"Arterial Other,Local Road",Divided,"Undivided,Divided",Metro
2496887.31,2409282.855,14659,T20160018427,ABS to receive accident,Finished,2016/08/23 00:00:00+00,1899/12/30 12:00:00+00,No,Struck Pedestrian,Tuesday,PED NEAR SIDE. PED HIT BY VEHICLE FROM THE RIGHT.,No,Day,Yes,Not at intersection,Other injury accident,40 km/hr,No,307506,144.9646012,-37.81748613,Non-Intersection,MELBOURNE,METROPOLITAN NORTH WEST REGION,2496887.31,2409282.855,2,1,0,0,1,1,0,2,0,0,1,1,0,0,0,0,0,0,0,0,Not Alcohol Related,0,1,0,1,0,0,MELBOURNE_CBD,MELBOURNE_CBD,MELBOURNE,METROPOLITAN NORTH WEST REGION,,,Local Road,Local Road,Undivided,Undivided,Metro
2496056.904,2411270.189,14734,T20160018335,ABS to receive accident,Finished,2016/08/22 00:00:00+00,1899/12/30 09:46:00+00,Yes,Struck Pedestrian,Sunday,PED NEAR SIDE. PED HIT BY VEHICLE FROM THE RIGHT.,Yes,Day,No,Cross intersection,Other injury accident,50 km/hr,No,233797,144.9552476,-37.79953127,Intersection,MELBOURNE,METROPOLITAN NORTH WEST REGION,2496056.904,2411270.189,2,1,0,0,1,1,1,1,0,0,1,1,0,0,0,0,0,0,0,0,Not Alcohol Related,0,1,0,0,0,1,MELB_URBAN,MELB_URBAN,MELBOURNE,METROPOLITAN NORTH WEST REGION,,,Arterial Other,"Local Road,Arterial Other",Undivided,Undivided,Metro
2497400.884,2411501.602,14788,T20160017750,ABS to receive accident,Finished,2016/08/13 00:00:00+00,1899/12/30 20:55:00+00,Yes,Struck Pedestrian,Saturday,FAR SIDE. PED HIT BY VEHICLE FROM THE LEFT,No,Dark Street lights on,Yes,Cross intersection,Serious injury accident,50 km/hr,No,36370,144.9705549,-37.79747388,Intersection,MELBOURNE,METROPOLITAN NORTH WEST REGION,2497400.884,2411501.602,3,2,0,2,0,1,2,1,0,0,1,2,0,0,0,0,0,2,0,0,Not Alcohol Related,0,1,0,1,0,0,MELB_URBAN,MELB_URBAN,MELBOURNE,METROPOLITAN NORTH WEST REGION,,,Local Road,Local Road,Divided,Divided,Metro
2497452.915,2408896.731,15497,T20160019955,ABS to receive accident,Finished,2016/09/12 00:00:00+00,1899/12/30 15:05:00+00,No,Struck Pedestrian,Monday,PED NEAR SIDE. PED HIT BY VEHICLE FROM THE RIGHT.,No,Day,Yes,Not at intersection,Serious injury accident,60 km/hr,No,308321,144.9710758,-37.82092963,Non-Intersection,MELBOURNE,METROPOLITAN NORTH WEST REGION,2497452.915,2408896.731,2,1,0,1,0,1,2,0,0,0,1,1,0,0,0,0,0,0,0,1,Not Alcohol Related,0,1,0,1,0,0,MELB_URBAN,MELB_URBAN,MELBOURNE,METROPOLITAN NORTH WEST REGION,,,Arterial Highway,Arterial Highway,Divided,Divided,Metro
2496224.419,2408391.777,15648,T20160019969,ABS to receive accident,Finished,2016/09/12 00:00:00+00,1899/12/30 14:15:00+00,No,Struck Pedestrian,Monday,PED NEAR SIDE. PED HIT BY VEHICLE FROM THE RIGHT.,Yes,Day,No,Multiple intersection,Serious injury accident,60 km/hr,No,46911,144.9570826,-37.82552887,Intersection,MELBOURNE,METROPOLITAN NORTH WEST REGION,2496224.419,2408391.777,2,1,0,1,0,0,0,1,0,0,0,1,0,0,1,0,0,0,0,0,Not Alcohol Related,0,1,0,0,0,0,MELB_URBAN,MELB_URBAN,MELBOURNE,METROPOLITAN NORTH WEST REGION,,,Arterial Other,"Arterial Other,Local Road",Undivided,Undivided,Metro
2497328.073,2410098.039,15738,T20160018604,ABS to receive accident,Finished,2016/08/25 00:00:00+00,1899/12/30 14:54:00+00,No,Struck Pedestrian,Wednesday,FAR SIDE. PED HIT BY VEHICLE FROM THE LEFT,No,Day,Yes,Cross intersection,Serious injury accident,40 km/hr,No,36966,144.9696188,-37.81018081,Intersection,MELBOURNE,METROPOLITAN NORTH WEST REGION,2497328.073,2410098.039,2,1,0,1,0,1,1,1,0,0,1,1,0,0,0,0,0,0,0,0,Not Alcohol Related,0,1,0,1,0,0,MELBOURNE_CBD,MELBOURNE_CBD,MELBOURNE,METROPOLITAN NORTH WEST REGION,,,Local Road,Local Road,Divided,Divided,Metro