X,Y,OBJECTID,ACCIDENT_NO,ABS_CODE,ACCIDENT_STATUS,ACCIDENT_DATE,ACCIDENT_TIME,ALCOHOLTIME,ACCIDENT_TYPE,DAY_OF_WEEK,DCA_CODE,HIT_RUN_FLAG,LIGHT_CONDITION,POLICE_ATTEND,ROAD_GEOMETRY,SEVERITY,SPEED_ZONE,RUN_OFFROAD,NODE_ID,LONGITUDE,LATITUDE,NODE_TYPE,LGA_NAME,REGION_NAME,VICGRID_X,VICGRID_Y,TOTAL_PERSONS,INJ_OR_FATAL,FATALITY,SERIOUSINJURY,OTHERINJURY,NONINJURED,MALES,FEMALES,BICYCLIST,PASSENGER,DRIVER,PEDESTRIAN,PILLION,MOTORIST,UNKNOWN,PED_CYCLIST_5_12,PED_CYCLIST_13_18,OLD_PEDESTRIAN,OLD_DRIVER,YOUNG_DRIVER,ALCOHOL_RELATED,UNLICENCSED,NO_OF_VEHICLES,HEAVYVEHICLE,PASSENGERVEHICLE,MOTORCYCLE,PUBLICVEHICLE,DEG_URBAN_NAME,DEG_URBAN_ALL,LGA_NAME_ALL,REGION_NAME_ALL,SRNS,SRNS_ALL,RMA,RMA_ALL,DIVIDED,DIVIDED_ALL,STAT_DIV_NAME
2496588.862,2409702.141,26323,T20170013340,ABS to receive accident,Finished,2017/07/09 00:00:00+00,1899/12/30 02:48:00+00,Yes,Struck Pedestrian,Sunday,ANY MANOEUVRE INVOLVING PED NOT INCLUDED IN DCAs 100-108.,Yes,Dark Street lights on,Yes,Cross intersection,Serious injury accident,40 km/hr,No,36886,144.9612589,-37.81369209,Intersection,MELBOURNE,METROPOLITAN NORTH WEST REGION,2496588.862,2409702.141,2,1,0,1,0,1,0,1,0,0,1,1,0,0,0,0,0,0,0,0,Not Alcohol Related,0,1,0,1,0,0,MELBOURNE_CBD,MELBOURNE_CBD,MELBOURNE,METROPOLITAN NORTH WEST REGION,,,Local Road,Local Road,Undivided,Undivided,Metro
2497133.066,2409284.927,26355,T20170015014,ABS to receive accident,Finished,2017/08/03 00:00:00+00,1899/12/30 18:18:00+00,Yes,Struck Pedestrian,Thursday,PED NEAR SIDE. PED HIT BY VEHICLE FROM THE RIGHT.,Yes,Dark Street lights on,Yes,Cross intersection,Serious injury accident,40 km/hr,No,238,144.9674429,-37.81745189,Intersection,MELBOURNE,METROPOLITAN NORTH WEST REGION,2497133.066,2409284.927,3,2,0,1,1,1,2,1,1,0,1,1,0,0,0,0,0,0,0,0,Not Alcohol Related,0,2,0,1,0,0,MELBOURNE_CBD,"MELB_URBAN,MELBOURNE_CBD",MELBOURNE,METROPOLITAN NORTH WEST REGION,,,Local Road,Local Road,Undivided,Undivided,Metro
2498923.39,2409362.282,26456,T20170014982,ABS to receive accident,Finished,2017/07/28 00:00:00+00,1899/12/30 19:57:00+00,Yes,Struck Pedestrian,Friday,PED NEAR SIDE. PED HIT BY VEHICLE FROM THE RIGHT.,No,Dark Street lights on,Yes,T intersection,Serious injury accident,60 km/hr,No,320831,144.9877934,-37.81672397,Non-Intersection,MELBOURNE,METROPOLITAN NORTH WEST REGION,2498923.39,2409362.282,2,1,0,1,0,1,1,1,0,0,1,1,0,0,0,0,0,1,0,0,Not Alcohol Related,0,1,0,1,0,0,MELB_URBAN,MELB_URBAN,MELBOURNE,METROPOLITAN NORTH WEST REGION,,,Arterial Other,Arterial Other,Undivided,Undivided,Metro
2495701.925,2411599.135,26638,T20170014769,ABS to receive accident,Finished,2017/07/30 00:00:00+00,1899/12/30 18:51:00+00,Yes,Struck Pedestrian,Sunday,PED NEAR SIDE. PED HIT BY VEHICLE FROM THE RIGHT.,No,Dark Street lights on,Yes,Cross intersection,Serious injury accident,60 km/hr,No,22,144.9511512,-37.79658445,Intersection,MELBOURNE,METROPOLITAN NORTH WEST REGION,2495701.925,2411599.135,3,1,0,1,0,2,2,1,0,1,1,1,0,0,0,0,0,0,0,0,Not Alcohol Related,0,1,0,1,0,0,MELB_URBAN,MELB_URBAN,MELBOURNE,METROPOLITAN NORTH WEST REGION,,,Arterial Other,"Arterial Other,Local Road",Divided,"Divided,Undivided",Metro
2495805.514,2410196.062,26674,T20170015315,ABS to receive accident,Finished,2017/08/07 00:00:00+00,1899/12/30 22:50:00+00,Yes,Struck Pedestrian,Sunday,PED NEAR SIDE. PED HIT BY VEHICLE FROM THE RIGHT.,No,Dark Street lights on,Yes,Cross intersection,Other injury accident,60 km/hr,No,36826,144.9524874,-37.80924068,Intersection,MELBOURNE,METROPOLITAN NORTH WEST REGION,2495805.514,2410196.062,5,1,0,0,1,4,3,1,0,1,1,3,0,0,0,0,0,0,0,1,Not Alcohol Related,0,1,0,1,0,0,MELB_URBAN,MELB_URBAN,MELBOURNE,METROPOLITAN NORTH WEST REGION,,,Arterial Other,Arterial Other,Divided,"Undivided,Divided",Metro
2498230.856,2405952.944,26784,T20170015401,ABS to receive accident,Finished,2017/08/09 00:00:00+00,1899/12/30 12:00:00+00,No,Struck Pedestrian,Wednesday,PED ON FOOTHPATH STRUCK BY VEHENTERING/LEAVING DRIVEWAY.,No,Day,Yes,Not at intersection,Other injury accident,60 km/hr,No,320479,144.9799135,-37.84746497,Off Road,MELBOURNE,METROPOLITAN NORTH WEST REGION,2498230.856,2405952.944,3,1,0,0,1,1,2,0,0,1,1,1,0,0,0,0,0,1,0,0,Not Alcohol Related,0,1,0,1,0,0,MELB_URBAN,MELB_URBAN,MELBOURNE,METROPOLITAN NORTH WEST REGION,,,,,,,Metro
2494717.596,2412422.236,26882,T20170015935,ABS to receive accident,Finished,2017/08/17 00:00:00+00,1899/12/30 10:30:00+00,No,Struck Pedestrian,Thursday,PED NEAR SIDE. PED HIT BY VEHICLE FROM THE RIGHT.,No,Day,Yes,Cross intersection,Serious injury accident,60 km/hr,No,36066,144.9399283,-37.7892016,Intersection,MELBOURNE,METROPOLITAN NORTH WEST REGION,2494717.596,2412422.236,2,1,0,1,0,1,1,1,0,0,1,1,0,0,0,0,0,0,0,0,Not Alcohol Related,0,1,1,0,0,0,MELB_URBAN,MELB_URBAN,MELBOURNE,METROPOLITAN NORTH WEST REGION,,,Arterial Highway,"Arterial Other,Arterial Highway",Undivided,Undivided,Metro
2497636.859,2411339.715,26992,T20170015882,ABS to receive accident,Finished,2017/08/16 00:00:00+00,1899/12/30 16:00:00+00,No,Collision with a fixed object,Wednesday,PARKED CAR RUN AWAY,No,Day,Yes,Not at intersection,Serious injury accident,50 km/hr,No,320683,144.9730926,-37.79886018,Non-Intersection,MELBOURNE,METROPOLITAN NORTH WEST REGION,2497636.859,2411339.715,1,1,0,1,0,0,0,1,0,0,0,1,0,0,0,0,0,0,0,0,Not Alcohol Related,0,1,0,1,0,0,MELB_URBAN,MELB_URBAN,MELBOURNE,METROPOLITAN NORTH WEST REGION,,,Local Road,Local Road,Divided,Divided,Metro
2497032.5,2409865.788,27169,T20170016486,ABS to receive accident,Finished,2017/08/25 00:00:00+00,1899/12/30 22:25:00+00,Yes,Struck Pedestrian,Friday,ANY MANOEUVRE INVOLVING PED NOT INCLUDED IN DCAs 100-108.,No,Dark Street lights on,Yes,Not at intersection,Other injury accident,40 km/hr,No,320892,144.9662976,-37.81221817,Non-Intersection,MELBOURNE,METROPOLITAN NORTH WEST REGION,2497032.5,2409865.788,2,1,0,0,1,1,1,1,0,0,0,1,0,1,0,0,0,0,0,0,Not Alcohol Related,0,1,0,0,1,0,MELBOURNE_CBD,MELBOURNE_CBD,MELBOURNE,METROPOLITAN NORTH WEST REGION,,,Local Road,Local Road,Undivided,Undivided,Metro
2496459.752,2413117.631,27677,T20170017887,ABS to receive accident,Finished,2017/09/17 00:00:00+00,1899/12/30 15:10:00+00,No,Struck Pedestrian,Sunday,PED NEAR SIDE. PED HIT BY VEHICLE FROM THE RIGHT.,No,Day,Yes,Not at intersection,Serious injury accident,50 km/hr,No,321721,144.9598868,-37.78292796,Off Road,MELBOURNE,METROPOLITAN NORTH WEST REGION,2496459.752,2413117.631,2,1,0,1,0,1,1,1,0,0,1,1,0,0,0,1,0,0,0,0,Not Alcohol Related,0,1,0,1,0,0,MELB_URBAN,MELB_URBAN,MELBOURNE,METROPOLITAN NORTH WEST REGION,,,,,,,Metro
2496859.118,2409925.747,27731,T20170018652,ABS to receive accident,Finished,2017/09/30 00:00:00+00,1899/12/30 01:35:00+00,Yes,Struck Pedestrian,Friday,PED EMERGES FROM IN FRONT OF PARKED OR STATIONARY VEHICLE,No,Dark Street lights on,Yes,Cross intersection,Serious injury accident,40 km/hr,No,323242,144.9643222,-37.81166632,Non-Intersection,MELBOURNE,METROPOLITAN NORTH WEST REGION,2496859.118,2409925.747,2,1,0,1,0,1,2,0,0,0,1,1,0,0,0,0,0,0,0,1,Not Alcohol Related,0,1,0,1,0,0,MELBOURNE_CBD,MELBOURNE_CBD,MELBOURNE,METROPOLITAN NORTH WEST REGION,,,Local Road,Local Road,Divided,Divided,Metro
2496159.062,2410050.834,27766,T20170016998,ABS to receive accident,Finished,2017/09/03 00:00:00+00,1899/12/30 15:21:00+00,No,Struck Pedestrian,Sunday,PED EMERGES FROM IN FRONT OF PARKED OR STATIONARY VEHICLE,No,Day,Yes,Not at intersection,Serious injury accident,40 km/hr,No,323877,144.956382,-37.81054137,Non-Intersection,MELBOURNE,METROPOLITAN NORTH WEST REGION,2496159.062,2410050.834,2,1,0,1,0,1,1,1,0,0,1,1,0,0,0,0,0,0,0,0,Not Alcohol Related,0,1,0,1,0,0,MELB_URBAN,MELB_URBAN,MELBOURNE,METROPOLITAN NORTH WEST REGION,,,Local Road,Local Road,Undivided,Undivided,Metro
2496716.448,2409749.205,27790,T20170018902,ABS to receive accident,Finished,2017/10/04 00:00:00+00,1899/12/30 11:18:00+00,No,Struck Pedestrian,Wednesday,PED NEAR SIDE. PED HIT BY VEHICLE FROM THE RIGHT.,No,Day,Yes,Cross intersection,Serious injury accident,40 km/hr,No,29423,144.96271,-37.81328689,Intersection,MELBOURNE,METROPOLITAN NORTH WEST REGION,2496716.448,2409749.205,2,1,0,1,0,1,0,2,0,0,1,1,0,0,0,0,0,0,0,0,Not Alcohol Related,0,1,0,1,0,0,MELBOURNE_CBD,MELBOURNE_CBD,MELBOURNE,METROPOLITAN NORTH WEST REGION,,,Local Road,Local Road,Undivided,Undivided,Metro
2496993.052,2410447.963,27861,T20170018936,ABS to receive accident,Finished,2017/10/04 00:00:00+00,1899/12/30 23:35:00+00,Yes,Struck Pedestrian,Wednesday,FAR SIDE. PED HIT BY VEHICLE FROM THE LEFT,No,Dark Street lights on,Yes,Cross intersection,Serious injury accident,60 km/hr,No,35319,144.9658524,-37.80697361,Intersection,MELBOURNE,METROPOLITAN NORTH WEST REGION,2496993.052,2410447.963,2,1,0,1,0,1,1,0,0,0,1,1,0,0,0,0,0,0,0,1,Not Alcohol Related,0,1,0,1,0,0,MELB_URBAN,MELB_URBAN,MELBOURNE,METROPOLITAN NORTH WEST REGION,,,Arterial Other,"Arterial Other,Local Road",Divided,Divided,Metro
2498263.873,2408614.024,27923,T20170018693,ABS to receive accident,Finished,2017/09/30 00:00:00+00,1899/12/30 22:45:00+00,Yes,Struck Pedestrian,Saturday,PED NEAR SIDE. PED HIT BY VEHICLE FROM THE RIGHT.,No,Dark Street lights unknown,Yes,Not at intersection,Other injury accident,40 km/hr,No,322206,144.9802745,-37.82349485,Non-Intersection,MELBOURNE,METROPOLITAN NORTH WEST REGION,2498263.873,2408614.024,2,1,0,0,1,1,0,2,0,0,1,1,0,0,0,0,1,0,0,0,Not Alcohol Related,0,1,0,1,0,0,MELB_URBAN,MELB_URBAN,MELBOURNE,METROPOLITAN NORTH WEST REGION,,,Arterial Other,Arterial Other,Divided,Divided,Metro
2495719.842,2409770.779,28094,T20170018159,ABS to receive accident,Finished,2017/09/21 00:00:00+00,1899/12/30 21:31:00+00,Yes,Struck Pedestrian,Wednesday,PED NEAR SIDE. PED HIT BY VEHICLE FROM THE RIGHT.,No,Dark Street lights on,Yes,Not at intersection,Serious injury accident,40 km/hr,No,359396,144.9513515,-37.81307721,Non-Intersection,MELBOURNE,METROPOLITAN NORTH WEST REGION,2495719.842,2409770.779,2,1,0,1,0,1,2,0,0,0,1,1,0,0,0,0,0,0,0,0,Not Alcohol Related,0,1,0,1,0,0,MELB_URBAN,MELB_URBAN,MELBOURNE,METROPOLITAN NORTH WEST REGION,,,Arterial Other,Arterial Other,Divided,Divided,Metro
2496516.392,2409621.182,28159,T20170019881,ABS to receive accident,Finished,2017/10/18 00:00:00+00,1899/12/30 16:48:00+00,No,Struck Pedestrian,Wednesday,PED EMERGES FROM IN FRONT OF PARKED OR STATIONARY VEHICLE,No,Day,Yes,Not at intersection,Fatal accident,40 km/hr,No,322649,144.9604791,-37.8144111,Non-Intersection,MELBOURNE,METROPOLITAN NORTH WEST REGION,2496516.392,2409621.182,2,1,1,0,0,1,2,0,0,0,1,1,0,0,0,0,0,1,0,0,Not Alcohol Related,0,1,0,0,0,0,MELBOURNE_CBD,MELBOURNE_CBD,MELBOURNE,METROPOLITAN NORTH WEST REGION,,,Local Road,Local Road,Divided,Divided,Metro
2494717.596,2412422.236,28416,T20170020595,ABS to receive accident,Finished,2017/10/28 00:00:00+00,1899/12/30 14:25:00+00,No,Struck Pedestrian,Friday,FAR SIDE. PED HIT BY VEHICLE FROM THE LEFT,No,Day,Yes,Cross intersection,Serious injury accident,60 km/hr,No,36066,144.9400632,-37.78918057,Intersection,MELBOURNE,METROPOLITAN NORTH WEST REGION,2494717.596,2412422.236,2,1,0,1,0,1,1,1,0,0,1,1,0,0,0,0,0,0,0,0,Not Alcohol Related,0,1,0,0,0,1,MELB_URBAN,MELB_URBAN,MELBOURNE,METROPOLITAN NORTH WEST REGION,,,Arterial Highway,"Arterial Other,Arterial Highway",Undivided,Undivided,Metro
2496141.629,2409293.775,28548,T20170020609,ABS to receive accident,Finished,2017/10/29 00:00:00+00,1899/12/30 01:20:00+00,Yes,Struck Pedestrian,Sunday,FAR SIDE. PED HIT BY VEHICLE FROM THE LEFT,Yes,Dark Street lights on,Yes,Cross intersection,Serious injury accident,40 km/hr,No,36852,144.9561775,-37.81736974,Intersection,MELBOURNE,METROPOLITAN NORTH WEST REGION,2496141.629,2409293.775,2,1,0,1,0,1,2,0,0,0,1,1,0,0,0,0,0,0,0,0,Not Alcohol Related,0,1,0,1,0,0,MELBOURNE_CBD,MELBOURNE_CBD,MELBOURNE,METROPOLITAN NORTH WEST REGION,,,Arterial Other,"Arterial Other,Local Road",Divided,"Undivided,Divided",Metro
2495869.387,2410219.115,28648,T20170021094,ABS to receive accident,Finished,2017/11/05 00:00:00+00,1899/12/30 12:05:00+00,No,Struck Pedestrian,Sunday,PED EMERGES FROM IN FRONT OF PARKED OR STATIONARY VEHICLE,No,Day,Yes,Not at intersection,Serious injury accident,50 km/hr,No,323551,144.9530898,-37.80903819,Non-Intersection,MELBOURNE,METROPOLITAN NORTH WEST REGION,2495869.387,2410219.115,3,1,0,1,0,2,2,0,0,1,1,1,0,0,0,0,0,0,0,0,Not Alcohol Related,0,1,0,1,0,0,MELB_URBAN,MELB_URBAN,MELBOURNE,METROPOLITAN NORTH WEST REGION,,,Arterial Other,Arterial Other,Undivided,Undivided,Metro
2495805.514,2410196.062,28686,T20170021191,ABS to receive accident,Finished,2017/11/06 00:00:00+00,1899/12/30 22:52:00+00,Yes,Struck Pedestrian,Monday,FAR SIDE. PED HIT BY VEHICLE FROM THE LEFT,No,Dark Street lights on,Yes,Cross intersection,Other injury accident,40 km/hr,No,36826,144.9523178,-37.80918616,Intersection,MELBOURNE,METROPOLITAN NORTH WEST REGION,2495805.514,2410196.062,2,1,0,0,1,1,1,1,0,0,1,1,0,0,0,0,0,0,0,0,Not Alcohol Related,0,1,0,1,0,0,MELB_URBAN,MELB_URBAN,MELBOURNE,METROPOLITAN NORTH WEST REGION,,,Arterial Other,Arterial Other,Divided,"Undivided,Divided",Metro
2495411.907,2410363.706,29013,T20170019633,ABS to receive accident,Finished,2017/10/14 00:00:00+00,1899/12/30 22:43:00+00,Yes,Struck Pedestrian,Saturday,PED NEAR SIDE. PED HIT BY VEHICLE FROM THE RIGHT.,No,Dark Street lights unknown,Yes,Cross intersection,Other injury accident,50 km/hr,No,36106,144.9478961,-37.80772631,Intersection,MELBOURNE,METROPOLITAN NORTH WEST REGION,2495411.907,2410363.706,2,1,0,0,1,1,2,0,0,0,1,1,0,0,0,0,0,0,0,1,Not Alcohol Related,0,1,0,1,0,0,MELB_URBAN,MELB_URBAN,MELBOURNE,METROPOLITAN NORTH WEST REGION,,,Arterial Other,"Arterial Other,Local Road",Divided,Divided,Metro
2497146.341,2409248.602,29204,T20150014261,ABS to receive accident,Finished,2015/07/07 00:00:00+00,1899/12/30 14:14:00+00,No,Struck Pedestrian,Tuesday,PED NEAR SIDE. PED HIT BY VEHICLE FROM THE RIGHT.,No,Day,Yes,Not at intersection,Other injury accident,50 km/hr,No,291460,144.9676174,-37.81777603,Non-Intersection,MELBOURNE,METROPOLITAN NORTH WEST REGION,2497146.341,2409248.602,3,2,0,0,2,1,1,2,0,0,0,2,0,0,1,1,0,0,0,0,Not Alcohol Related,0,1,0,0,0,1,MELB_URBAN,MELB_URBAN,MELBOURNE,METROPOLITAN NORTH WEST REGION,,,Local Road,Local Road,Undivided,Undivided,Metro
2496597.503,2410076.774,29241,T20150014747,ABS to receive accident,Finished,2015/07/15 00:00:00+00,1899/12/30 11:35:00+00,No,Struck Pedestrian,Wednesday,ANY MANOEUVRE INVOLVING PED NOT INCLUDED IN DCAs 100-108.,No,Day,Yes,Cross intersection,Other injury accident,40 km/hr,No,65743,144.9613255,-37.81036783,Intersection,MELBOURNE,METROPOLITAN NORTH WEST REGION,2496597.503,2410076.774,2,1,0,0,1,1,2,0,0,0,0,1,0,1,0,0,0,0,0,0,Not Alcohol Related,0,1,0,0,1,0,MELBOURNE_CBD,"MELB_URBAN,MELBOURNE_CBD",MELBOURNE,METROPOLITAN NORTH WEST REGION,,,Local Road,Local Road,Undivided,Undivided,Metro
2498106.639,2408637.165,29302,T20150015553,ABS to receive accident,Finished,2015/07/26 00:00:00+00,1899/12/30 09:35:00+00,Yes,Struck Pedestrian,Sunday,FAR SIDE. PED HIT BY VEHICLE FROM THE LEFT,No,Day,Yes,Cross intersection,Other injury accident,60 km/hr,No,249,144.9782199,-37.82328019,Intersection,MELBOURNE,METROPOLITAN NORTH WEST REGION,2498106.639,2408637.165,2,1,0,0,1,1,2,0,0,0,1,1,0,0,0,0,0,0,0,0,Not Alcohol Related,0,1,0,1,0,0,MELB_URBAN,MELB_URBAN,MELBOURNE,METROPOLITAN NORTH WEST REGION,,,Freeway,"Arterial Highway,Freeway,Arterial Other",Divided,Divided,Metro
2497099.452,2410053.263,29514,T20150017683,ABS to receive accident,Finished,2015/08/25 00:00:00+00,1899/12/30 18:30:00+00,Yes,Struck Pedestrian,Tuesday,ANY MANOEUVRE INVOLVING PED NOT INCLUDED IN DCAs 100-108.,No,Dark Street lights on,Yes,Not at intersection,Other injury accident,40 km/hr,No,293195,144.9670894,-37.81051997,Non-Intersection,MELBOURNE,METROPOLITAN NORTH WEST REGION,2497099.452,2410053.263,3,1,0,0,1,2,1,2,0,1,1,1,0,0,0,0,0,0,0,0,Not Alcohol Related,0,1,0,1,0,0,MELBOURNE_CBD,MELBOURNE_CBD,MELBOURNE,METROPOLITAN NORTH WEST REGION,,,Local Road,Local Road,Divided,Divided,Metro
2496676.714,2409858.735,29525,T20170021663,ABS to receive accident,Finished,2017/11/14 00:00:00+00,1899/12/30 08:15:00+00,No,Struck Pedestrian,Tuesday,PED NEAR SIDE. PED HIT BY VEHICLE FROM THE RIGHT.,No,Unk.,No,Cross intersection,Other injury accident,40 km/hr,No,35355,144.9622998,-37.81223291,Intersection,MELBOURNE,METROPOLITAN NORTH WEST REGION,2496676.714,2409858.735,2,1,0,0,1,1,1,0,1,0,0,1,0,0,0,0,0,0,0,0,Not Alcohol Related,0,1,0,0,0,0,MELBOURNE_CBD,MELBOURNE_CBD,MELBOURNE,METROPOLITAN NORTH WEST REGION,,,Local Road,Local Road,Divided,"Undivided,Divided",Metro
2497343.456,2409856.716,29549,T20150025840,ABS to receive accident,Finished,2015/12/11 00:00:00+00,1899/12/30 12:40:00+00,No,Struck Pedestrian,Friday,PED ON FOOTHPATH STRUCK BY VEHENTERING/LEAVING DRIVEWAY.,Yes,Day,No,Not at intersection,Other injury accident,40 km/hr,No,302056,144.9697733,-37.81237568,Intersection,MELBOURNE,METROPOLITAN NORTH WEST REGION,2497343.456,2409856.716,2,1,0,0,1,1,1,1,0,0,1,1,0,0,0,0,0,0,0,0,Not Alcohol Related,0,1,0,1,0,0,MELBOURNE_CBD,MELBOURNE_CBD,MELBOURNE,METROPOLITAN NORTH WEST REGION,,,Local Road,Local Road,Undivided,Undivided,Metro
2496223.505,2409069.578,29685,T20160000309,ABS to receive accident,Finished,2016/01/04 00:00:00+00,1899/12/30 17:50:00+00,No,Struck Pedestrian,Monday,PED NEAR SIDE. PED HIT BY VEHICLE FROM THE RIGHT.,No,Day,Yes,Cross intersection,Serious injury accident,40 km/hr,No,207,144.9570774,-37.81937293,Intersection,MELBOURNE,METROPOLITAN NORTH WEST REGION,2496223.505,2409069.578,3,1,0,1,0,2,2,1,0,1,1,1,0,0,0,0,0,0,0,1,Not Alcohol Related,1,1,0,1,0,0,MELBOURNE_CBD,MELBOURNE_CBD,MELBOURNE,METROPOLITAN NORTH WEST REGION,,,Arterial Other,"Arterial Other,Local Road",Divided,"Undivided,Divided",Metro
2496327.84,2408983.987,29702,T20150017901,ABS to receive accident,Finished,2015/08/28 00:00:00+00,1899/12/30 10:02:00+00,No,Struck Pedestrian,Friday,PED NEAR SIDE. PED HIT BY VEHICLE FROM THE RIGHT.,No,Day,No,T intersection,Other injury accident,40 km/hr,No,293376,144.9582825,-37.82013705,Non-Intersection,MELBOURNE,METROPOLITAN NORTH WEST REGION,2496327.84,2408983.987,2,1,0,0,1,1,2,0,0,0,1,1,0,0,0,0,1,0,0,0,Not Alcohol Related,0,1,0,1,0,0,MELBOURNE_CBD,"MELB_URBAN,MELBOURNE_CBD",MELBOURNE,METROPOLITAN NORTH WEST REGION,,,Local Road,Local Road,Undivided,Undivided,Metro
2496855.123,2409370.678,29803,T20170020317,ABS to receive accident,Finished,2017/10/24 00:00:00+00,1899/12/30 19:25:00+00,Yes,Struck Pedestrian,Tuesday,PED NEAR SIDE. PED HIT BY VEHICLE FROM THE RIGHT.,No,Dusk/Dawn,Yes,Not at intersection,Serious injury accident,40 km/hr,No,322884,144.9643498,-37.81666159,Non-Intersection,MELBOURNE,METROPOLITAN NORTH WEST REGION,2496855.123,2409370.678,2,1,0,1,0,1,1,1,0,0,1,1,0,0,0,0,0,0,0,0,Not Alcohol Related,0,1,0,1,0,0,MELBOURNE_CBD,MELBOURNE_CBD,MELBOURNE,METROPOLITAN NORTH WEST REGION,,,Local Road,Local Road,Undivided,Undivided,Metro
2497142.842,2411537.254,30036,T20170021576,ABS to receive accident,Finished,2017/11/12 00:00:00+00,1899/12/30 18:59:00+00,Yes,Struck Pedestrian,Sunday,PED NEAR SIDE. PED HIT BY VEHICLE FROM THE RIGHT.,No,Day,Yes,Cross intersection,Serious injury accident,40 km/hr,No,109,144.9674676,-37.79715353,Intersection,MELBOURNE,METROPOLITAN NORTH WEST REGION,2497142.842,2411537.254,2,1,0,1,0,1,2,0,0,0,1,1,0,0,0,0,0,0,0,1,Not Alcohol Related,0,1,0,1,0,0,MELB_URBAN,MELB_URBAN,MELBOURNE,METROPOLITAN NORTH WEST REGION,,,Local Road,Local Road,Divided,"Undivided,Divided",Metro
2498309.694,2408606.507,30147,T20160001430,ABS to receive accident,Finished,2016/01/21 00:00:00+00,1899/12/30 13:15:00+00,No,Collision with vehicle,Thursday,REAR END(VEHICLES IN SAME LANE),No,Day,Yes,Not at intersection,Serious injury accident,60 km/hr,No,145458,144.980786,-37.82366174,Non-Intersection,MELBOURNE,METROPOLITAN NORTH WEST REGION,2498309.694,2408606.507,5,3,0,1,2,2,3,2,0,1,2,2,0,0,0,0,0,0,0,0,Not Alcohol Related,1,2,0,2,0,0,MELB_URBAN,MELB_URBAN,MELBOURNE,METROPOLITAN NORTH WEST REGION,,,Arterial Other,Arterial Other,Divided,Divided,Metro
2498000.388,2409884.025,30189,T20160002050,ABS to receive accident,Finished,2016/01/29 00:00:00+00,1899/12/30 17:00:00+00,Yes,Struck Pedestrian,Friday,FAR SIDE. PED HIT BY VEHICLE FROM THE LEFT,Yes,Day,No,Not at intersection,Other injury accident,50 km/hr,No,303149,144.9772955,-37.81205498,Non-Intersection,MELBOURNE,METROPOLITAN NORTH WEST REGION,2498000.388,2409884.025,2,1,0,0,1,1,1,1,0,0,1,1,0,0,0,0,0,0,0,0,Not Alcohol Related,0,1,0,1,0,0,MELB_URBAN,MELB_URBAN,MELBOURNE,METROPOLITAN NORTH WEST REGION,,,Local Road,Local Road,Undivided,Undivided,Metro
2494935.678,2410969.504,30564,T20170022874,ABS to receive accident,Finished,2017/11/29 00:00:00+00,1899/12/30 12:40:00+00,No,Struck Pedestrian,Tuesday,PED NEAR SIDE. PED HIT BY VEHICLE FROM THE RIGHT.,No,Day,No,Cross intersection,Other injury accident,60 km/hr,No,45884,144.9425059,-37.80228323,Intersection,MELBOURNE,METROPOLITAN NORTH WEST REGION,2494935.678,2410969.504,2,1,0,0,1,1,1,1,0,0,1,1,0,0,0,0,0,0,0,0,Not Alcohol Related,0,1,0,1,0,0,MELB_URBAN,MELB_URBAN,MELBOURNE,METROPOLITAN NORTH WEST REGION,,,Local Road,Local Road,Divided,"Divided,Undivided",Metro
2496554.949,2409514.887,30701,T20170024590,ABS to receive accident,Finished,2017/12/23 00:00:00+00,1899/12/30 11:05:00+00,No,Struck Pedestrian,Friday,PED NEAR SIDE. PED HIT BY VEHICLE FROM THE RIGHT.,No,Unk.,No,Not at intersection,Other injury accident,40 km/hr,No,325232,144.960857,-37.81538188,Non-Intersection,MELBOURNE,METROPOLITAN NORTH WEST REGION,2496554.949,2409514.887,3,1,0,0,1,2,0,3,0,1,1,1,0,0,0,0,0,0,0,0,Not Alcohol Related,0,1,0,1,0,0,MELBOURNE_CBD,MELBOURNE_CBD,MELBOURNE,METROPOLITAN NORTH WEST REGION,,,Local Road,Local Road,Divided,Divided,Metro