X,Y,OBJECTID,ACCIDENT_NO,ABS_CODE,ACCIDENT_STATUS,ACCIDENT_DATE,ACCIDENT_TIME,ALCOHOLTIME,ACCIDENT_TYPE,DAY_OF_WEEK,DCA_CODE,HIT_RUN_FLAG,LIGHT_CONDITION,POLICE_ATTEND,ROAD_GEOMETRY,SEVERITY,SPEED_ZONE,RUN_OFFROAD,NODE_ID,LONGITUDE,LATITUDE,NODE_TYPE,LGA_NAME,REGION_NAME,VICGRID_X,VICGRID_Y,TOTAL_PERSONS,INJ_OR_FATAL,FATALITY,SERIOUSINJURY,OTHERINJURY,NONINJURED,MALES,FEMALES,BICYCLIST,PASSENGER,DRIVER,PEDESTRIAN,PILLION,MOTORIST,UNKNOWN,PED_CYCLIST_5_12,PED_CYCLIST_13_18,OLD_PEDESTRIAN,OLD_DRIVER,YOUNG_DRIVER,ALCOHOL_RELATED,UNLICENCSED,NO_OF_VEHICLES,HEAVYVEHICLE,PASSENGERVEHICLE,MOTORCYCLE,PUBLICVEHICLE,DEG_URBAN_NAME,DEG_URBAN_ALL,LGA_NAME_ALL,REGION_NAME_ALL,SRNS,SRNS_ALL,RMA,RMA_ALL,DIVIDED,DIVIDED_ALL,STAT_DIV_NAME
2496631.968,2408497.933,36070,T20180003526,ABS to receive accident,Finished,2018/02/23 00:00:00+00,1899/12/30 15:38:00+00,No,Struck Pedestrian,Friday,PED EMERGES FROM IN FRONT OF PARKED OR STATIONARY VEHICLE,No,Day,Yes,Not at intersection,Serious injury accident,60 km/hr,No,327378,144.9617065,-37.82451281,Non-Intersection,MELBOURNE,METROPOLITAN NORTH WEST REGION,2496631.968,2408497.933,2,1,0,1,0,1,0,2,0,0,1,1,0,0,0,0,0,0,0,0,Not Alcohol Related,0,1,0,1,0,0,MELB_URBAN,MELB_URBAN,MELBOURNE,METROPOLITAN NORTH WEST REGION,,,Arterial Other,Arterial Other,Divided,Divided,Metro
2496630.043,2408495.867,36089,T20180008029,ABS to receive accident,Finished,2018/04/28 00:00:00+00,1899/12/30 21:40:00+00,Yes,Struck Pedestrian,Saturday,PED NEAR SIDE. PED HIT BY VEHICLE FROM THE RIGHT.,Yes,Dark Street lights on,No,Not at intersection,Other injury accident,60 km/hr,No,329834,144.9617489,-37.82458136,Non-Intersection,MELBOURNE,METROPOLITAN NORTH WEST REGION,2496630.043,2408495.867,2,1,0,0,1,1,1,1,0,0,1,1,0,0,0,0,0,0,0,0,Not Alcohol Related,0,1,0,1,0,0,MELB_URBAN,MELB_URBAN,MELBOURNE,METROPOLITAN NORTH WEST REGION,,,Arterial Other,Arterial Other,Divided,Divided,Metro
2496050.316,2409384.508,36122,T20180008128,ABS to receive accident,Finished,2018/04/22 00:00:00+00,1899/12/30 21:15:00+00,No,Struck Pedestrian,,ANY MANOEUVRE INVOLVING PED NOT INCLUDED IN DCAs 100-108.,No,Dark Street lights unknown,No,Not at intersection,Other injury accident,40 km/hr,No,330616,144.9551493,-37.81656846,Non-Intersection,MELBOURNE,METROPOLITAN NORTH WEST REGION,2496050.316,2409384.508,3,2,0,0,2,1,2,1,0,0,1,2,0,0,0,0,0,2,0,0,Not Alcohol Related,0,1,0,1,0,0,MELBOURNE_CBD,MELBOURNE_CBD,MELBOURNE,METROPOLITAN NORTH WEST REGION,,,Local Road,Local Road,Undivided,Undivided,Metro
2494815.528,2412512.89,36388,T20180011520,ABS to receive accident,Finished,2018/06/19 00:00:00+00,1899/12/30 08:40:00+00,No,Struck Pedestrian,Tuesday,PED PLAYING/LYING/WORKING/STANDING ON CARRIAGEWAY.,No,Day,Yes,Not at intersection,Serious injury accident,50 km/hr,No,331782,144.9410985,-37.78833069,Non-Intersection,MELBOURNE,METROPOLITAN NORTH WEST REGION,2494815.528,2412512.89,3,1,0,1,0,2,2,1,0,1,1,1,0,0,0,0,0,0,0,0,Not Alcohol Related,0,1,0,1,0,0,MELB_URBAN,MELB_URBAN,MELBOURNE,METROPOLITAN NORTH WEST REGION,,,Local Road,Local Road,Undivided,Undivided,Metro
2496936.838,2407824.2,36566,T20160009897,ABS to receive accident,Finished,2016/04/01 00:00:00+00,1899/12/30 15:15:00+00,No,Struck Pedestrian,Friday,PED NEAR SIDE. PED HIT BY VEHICLE FROM THE RIGHT.,No,Day,No,Cross intersection,Serious injury accident,40 km/hr,No,29460,144.9652463,-37.83055409,Intersection,MELBOURNE,METROPOLITAN NORTH WEST REGION,2496936.838,2407824.2,2,1,0,1,0,0,1,0,0,0,0,1,0,0,1,0,0,0,0,0,Not Alcohol Related,0,1,0,0,0,0,MELB_URBAN,MELB_URBAN,MELBOURNE,METROPOLITAN NORTH WEST REGION,,,Arterial Highway,"Arterial Highway,Local Road",Divided,"Undivided,Divided",Metro
2496510.825,2410313.621,36580,T20180012001,ABS to receive accident,Finished,2018/06/26 00:00:00+00,1899/12/30 05:00:00+00,Yes,Collision with a fixed object,Tuesday,VEH STRIKES PED ON FOOTPATH/MEDIAN/TRAFFIC ISLAND.,No,Dark Street lights unknown,No,Cross intersection,Other injury accident,40 km/hr,No,36267,144.9604665,-37.80814288,Intersection,MELBOURNE,METROPOLITAN NORTH WEST REGION,2496510.825,2410313.621,2,1,0,0,1,1,2,0,0,0,1,1,0,0,0,0,0,0,0,0,Not Alcohol Related,0,1,1,0,0,0,MELB_URBAN,MELB_URBAN,MELBOURNE,METROPOLITAN NORTH WEST REGION,,,Local Road,Local Road,Divided,"Undivided,Divided",Metro
2495554.55,2409180.19,37219,T20180013583,ABS to receive accident,Finished,2018/07/19 00:00:00+00,1899/12/30 18:15:00+00,Yes,Struck Pedestrian,Thursday,FAR SIDE. PED HIT BY VEHICLE FROM THE LEFT,No,Dark Street lights on,Yes,Not at intersection,Serious injury accident,40 km/hr,No,332693,144.9495198,-37.81839087,Non-Intersection,MELBOURNE,METROPOLITAN NORTH WEST REGION,2495554.55,2409180.19,2,1,0,1,0,1,1,1,0,0,1,1,0,0,0,0,0,0,0,0,Not Alcohol Related,0,1,0,1,0,0,MELB_URBAN,MELB_URBAN,MELBOURNE,METROPOLITAN NORTH WEST REGION,,,Local Road,Local Road,Undivided,Undivided,Metro
2495907.167,2410313.573,37237,T20180010166,ABS to receive accident,Finished,2018/05/30 00:00:00+00,1899/12/30 10:53:00+00,No,Struck Pedestrian,Tuesday,FAR SIDE. PED HIT BY VEHICLE FROM THE LEFT,No,Day,Yes,Cross intersection,Serious injury accident,50 km/hr,No,335435,144.9535224,-37.80819221,Non-Intersection,MELBOURNE,METROPOLITAN NORTH WEST REGION,2495907.167,2410313.573,2,1,0,1,0,1,1,1,0,0,1,1,0,0,0,0,0,0,0,0,Not Alcohol Related,0,1,0,1,0,0,MELB_URBAN,MELB_URBAN,MELBOURNE,METROPOLITAN NORTH WEST REGION,,,Local Road,Local Road,Undivided,Undivided,Metro
2498147.96,2406240.346,37252,T20180013665,ABS to receive accident,Finished,2018/07/20 00:00:00+00,1899/12/30 20:50:00+00,Yes,Struck Pedestrian,Friday,PED NEAR SIDE. PED HIT BY VEHICLE FROM THE RIGHT.,No,Dark Street lights on,Yes,T intersection,Serious injury accident,60 km/hr,No,246580,144.9790292,-37.84486557,Intersection,MELBOURNE,METROPOLITAN NORTH WEST REGION,2498147.96,2406240.346,2,1,0,1,0,1,1,1,0,0,1,1,0,0,0,0,0,0,1,0,Not Alcohol Related,0,1,0,1,0,0,MELB_URBAN,MELB_URBAN,MELBOURNE,METROPOLITAN NORTH WEST REGION,,,Arterial Other,Arterial Other,Undivided,Undivided,Metro
2495585.711,2408967.922,37337,T20180007654,ABS to receive accident,Finished,2018/04/23 00:00:00+00,1899/12/30 14:24:00+00,No,Struck Pedestrian,Monday,FAR SIDE. PED HIT BY VEHICLE FROM THE LEFT,No,Day,Yes,Not at intersection,Serious injury accident,50 km/hr,No,329782,144.9498648,-37.82032413,Non-Intersection,MELBOURNE,METROPOLITAN NORTH WEST REGION,2495585.711,2408967.922,2,1,0,1,0,1,1,1,0,0,1,1,0,0,0,0,0,0,0,0,Not Alcohol Related,0,1,0,1,0,0,MELB_URBAN,MELB_URBAN,MELBOURNE,METROPOLITAN NORTH WEST REGION,,,Local Road,Local Road,Undivided,Undivided,Metro
2496467.467,2410432.253,37626,T20180014471,ABS to receive accident,Finished,2018/08/01 00:00:00+00,1899/12/30 22:25:00+00,Yes,No collision and no object struck,Wednesday,OUT OF CONTROL ON CARRIAGEWAY (ON STRAIGHT),No,Dark Street lights on,Yes,Cross intersection,Serious injury accident,40 km/hr,No,35310,144.959835,-37.80710376,Intersection,MELBOURNE,METROPOLITAN NORTH WEST REGION,2496467.467,2410432.253,2,1,0,1,0,1,1,1,0,0,0,1,0,1,0,0,0,0,0,0,Not Alcohol Related,0,1,0,0,1,0,MELB_URBAN,MELB_URBAN,MELBOURNE,METROPOLITAN NORTH WEST REGION,,,Local Road,Local Road,Undivided,Undivided,Metro
2496326.08,2412048.555,37777,T20180006418,ABS to receive accident,Finished,2018/04/04 00:00:00+00,1899/12/30 16:30:00+00,No,Struck Pedestrian,Tuesday,PED NEAR SIDE. PED HIT BY VEHICLE FROM THE RIGHT.,No,Day,No,Cross intersection,Other injury accident,60 km/hr,No,263579,144.958246,-37.79257378,Intersection,MELBOURNE,METROPOLITAN NORTH WEST REGION,2496326.08,2412048.555,2,2,0,0,2,0,0,2,0,0,1,1,0,0,0,0,0,0,0,0,Not Alcohol Related,0,1,0,1,0,0,MELB_URBAN,MELB_URBAN,MELBOURNE,METROPOLITAN NORTH WEST REGION,,,Arterial Other,"Arterial Other,Local Road",Divided,"Divided,Undivided",Metro
2497588.13,2410370.895,37946,T20180015264,ABS to receive accident,Finished,2018/08/13 00:00:00+00,1899/12/30 09:45:00+00,No,Struck Pedestrian,Monday,PED NEAR SIDE. PED HIT BY VEHICLE FROM THE RIGHT.,No,Day,Yes,Not at intersection,Other injury accident,60 km/hr,No,337359,144.9726076,-37.80765186,Non-Intersection,MELBOURNE,METROPOLITAN NORTH WEST REGION,2497588.13,2410370.895,2,1,0,0,1,1,2,0,0,0,1,1,0,0,0,0,0,0,0,0,Not Alcohol Related,0,1,0,1,0,0,MELB_URBAN,MELB_URBAN,MELBOURNE,METROPOLITAN NORTH WEST REGION,,,Arterial Other,Arterial Other,Divided,Divided,Metro
2497549.848,2410170.119,38040,T20180007252,ABS to receive accident,Finished,2018/04/17 00:00:00+00,1899/12/30 14:50:00+00,No,Struck Pedestrian,Monday,PED PLAYING/LYING/WORKING/STANDING ON CARRIAGEWAY.,Yes,Day,No,Cross intersection,Other injury accident,40 km/hr,No,329953,144.9721675,-37.80947937,Non-Intersection,MELBOURNE,METROPOLITAN NORTH WEST REGION,2497549.848,2410170.119,2,1,0,0,1,1,2,0,0,0,1,1,0,0,0,0,0,0,0,0,Not Alcohol Related,0,1,0,1,0,0,MELBOURNE_CBD,"MELB_URBAN,MELBOURNE_CBD",MELBOURNE,METROPOLITAN NORTH WEST REGION,,,Local Road,Local Road,Undivided,Undivided,Metro
2495950.12,2409100.231,38217,T20180012399,ABS to receive accident,Finished,2018/06/30 00:00:00+00,1899/12/30 21:45:00+00,Yes,Struck Pedestrian,Saturday,PED PLAYING/LYING/WORKING/STANDING ON CARRIAGEWAY.,No,Dark Street lights on,Yes,Not at intersection,Other injury accident,40 km/hr,No,332761,144.954026,-37.81916916,Non-Intersection,MELBOURNE,METROPOLITAN NORTH WEST REGION,2495950.12,2409100.231,2,1,0,0,1,1,2,0,0,0,1,1,0,0,0,0,0,0,0,0,Not Alcohol Related,0,1,0,1,0,0,MELB_URBAN,MELB_URBAN,MELBOURNE,METROPOLITAN NORTH WEST REGION,,,Local Road,Local Road,Undivided,Undivided,Metro
2496808.621,2408493.903,38282,T20180009978,ABS to receive accident,Finished,2018/05/26 00:00:00+00,1899/12/30 15:56:00+00,No,Collision with vehicle,Friday,RIGHT THROUGH,No,Day,Yes,Cross intersection,Serious injury accident,60 km/hr,No,228,144.9637344,-37.82455647,Intersection,MELBOURNE,METROPOLITAN NORTH WEST REGION,2496808.621,2408493.903,5,2,0,1,1,3,4,1,0,1,2,2,0,0,0,0,0,0,0,0,Not Alcohol Related,0,2,0,2,0,0,MELB_URBAN,MELB_URBAN,MELBOURNE,METROPOLITAN NORTH WEST REGION,,,Arterial Highway,"Local Road,Arterial Highway",Divided,"Divided,Undivided",Metro
2497350.053,2409364.626,38391,T20180014193,ABS to receive accident,Finished,2018/07/28 00:00:00+00,1899/12/30 23:20:00+00,Yes,Struck Pedestrian,Saturday,PED NEAR SIDE. PED HIT BY VEHICLE FROM THE RIGHT.,No,Dark Street lights on,Yes,Cross intersection,Serious injury accident,40 km/hr,No,240,144.9698942,-37.81667108,Intersection,MELBOURNE,METROPOLITAN NORTH WEST REGION,2497350.053,2409364.626,2,1,0,1,0,1,1,1,0,0,1,1,0,0,0,0,0,0,0,0,Not Alcohol Related,0,1,0,1,0,0,MELBOURNE_CBD,"MELB_URBAN,MELBOURNE_CBD",MELBOURNE,METROPOLITAN NORTH WEST REGION,,,Local Road,Local Road,Divided,"Undivided,Divided",Metro
2496702.513,2408573.632,38507,T20180016606,ABS to receive accident,Finished,2018/08/29 00:00:00+00,1899/12/30 19:00:00+00,Yes,Struck Pedestrian,Wednesday,FAR SIDE. PED HIT BY VEHICLE FROM THE LEFT,No,Dark Street lights on,No,Cross intersection,Other injury accident,60 km/hr,No,53216,144.9624507,-37.82387833,Intersection,MELBOURNE,METROPOLITAN NORTH WEST REGION,2496702.513,2408573.632,2,1,0,0,1,0,0,1,1,0,0,1,0,0,0,0,0,0,0,0,Not Alcohol Related,0,1,0,0,0,0,MELB_URBAN,MELB_URBAN,MELBOURNE,METROPOLITAN NORTH WEST REGION,,,Arterial Highway,"Arterial Highway,Arterial Other,Local Road",Divided,Divided,Metro
2497080.502,2409428.472,38794,T20180009134,ABS to receive accident,Finished,2018/05/14 00:00:00+00,1899/12/30 20:48:00+00,Yes,Struck Pedestrian,Monday,ANY MANOEUVRE INVOLVING PED NOT INCLUDED IN DCAs 100-108.,No,Dark Street lights on,Yes,Not at intersection,Other injury accident,40 km/hr,No,330423,144.9668459,-37.81615429,Non-Intersection,MELBOURNE,METROPOLITAN NORTH WEST REGION,2497080.502,2409428.472,2,1,0,0,1,0,1,0,0,0,0,1,0,0,1,0,0,0,0,0,Not Alcohol Related,0,1,0,0,0,1,MELBOURNE_CBD,MELBOURNE_CBD,MELBOURNE,METROPOLITAN NORTH WEST REGION,,,Local Road,Local Road,Undivided,Undivided,Metro
2497447.768,2409772.81,38917,T20180014284,ABS to receive accident,Finished,2018/07/30 00:00:00+00,1899/12/30 11:55:00+00,No,Struck Pedestrian,Monday,PED NEAR SIDE. PED HIT BY VEHICLE FROM THE RIGHT.,No,Day,Yes,Cross intersection,Serious injury accident,40 km/hr,No,29428,144.9709764,-37.81296275,Intersection,MELBOURNE,METROPOLITAN NORTH WEST REGION,2497447.768,2409772.81,2,1,0,1,0,1,1,1,0,0,1,1,0,0,0,0,0,0,0,0,Not Alcohol Related,0,1,0,1,0,0,MELBOURNE_CBD,MELBOURNE_CBD,MELBOURNE,METROPOLITAN NORTH WEST REGION,,,Local Road,Local Road,Divided,"Undivided,Divided",Metro
2497350.053,2409364.626,39011,T20180010414,ABS to receive accident,Finished,2018/06/03 00:00:00+00,1899/12/30 00:34:00+00,Yes,Struck Pedestrian,Sunday,PED NEAR SIDE. PED HIT BY VEHICLE FROM THE RIGHT.,No,Dark Street lights on,Yes,Cross intersection,Serious injury accident,40 km/hr,No,240,144.9698577,-37.81662831,Intersection,MELBOURNE,METROPOLITAN NORTH WEST REGION,2497350.053,2409364.626,2,1,0,1,0,1,0,2,0,0,1,1,0,0,0,0,0,0,0,0,Not Alcohol Related,0,1,0,1,0,0,MELBOURNE_CBD,"MELB_URBAN,MELBOURNE_CBD",MELBOURNE,METROPOLITAN NORTH WEST REGION,,,Local Road,Local Road,Divided,"Undivided,Divided",Metro
2496263.357,2408961.524,39108,T20180011799,ABS to receive accident,Finished,2018/06/23 00:00:00+00,1899/12/30 22:30:00+00,Yes,Struck Pedestrian,Saturday,PED NEAR SIDE. PED HIT BY VEHICLE FROM THE RIGHT.,No,Dark Street lights on,Yes,Cross intersection,Serious injury accident,30km/hr,No,36856,144.9575477,-37.82041338,Intersection,MELBOURNE,METROPOLITAN NORTH WEST REGION,2496263.357,2408961.524,2,1,0,1,0,1,2,0,0,0,1,1,0,0,0,0,1,0,0,0,Not Alcohol Related,0,1,0,1,0,0,MELBOURNE_CBD,"MELB_URBAN,MELBOURNE_CBD",MELBOURNE,METROPOLITAN NORTH WEST REGION,,,Arterial Highway,"Arterial Other,Local Road,Arterial Highway",Divided,"Divided,Undivided",Metro
2496048.982,2409875.696,39303,T20180018661,ABS to receive accident,Finished,2018/10/04 00:00:00+00,1899/12/30 17:35:00+00,No,Struck Pedestrian,Thursday,PED PLAYING/LYING/WORKING/STANDING ON CARRIAGEWAY.,No,Day,Yes,Not at intersection,Other injury accident,50 km/hr,No,336446,144.9551462,-37.8121728,Non-Intersection,MELBOURNE,METROPOLITAN NORTH WEST REGION,2496048.982,2409875.696,2,2,0,0,2,0,1,0,1,0,0,1,0,0,0,0,0,0,0,0,Not Alcohol Related,0,1,0,0,0,0,MELBOURNE_CBD,"MELB_URBAN,MELBOURNE_CBD",MELBOURNE,METROPOLITAN NORTH WEST REGION,,,Local Road,Local Road,Undivided,Undivided,Metro
2496533.971,2409189.836,39356,T20180010853,ABS to receive accident,Finished,2018/06/08 00:00:00+00,1899/12/30 17:45:00+00,Yes,Struck Pedestrian,Friday,PED STRUCK WALKING TO/FROM OR BOARDING/ALIGHTING VEHICLE.,No,Dusk/Dawn,Yes,Cross intersection,Serious injury accident,40 km/hr,No,217,144.9606398,-37.81834119,Intersection,MELBOURNE,METROPOLITAN NORTH WEST REGION,2496533.971,2409189.836,2,1,0,1,0,1,1,1,0,0,1,1,0,0,0,0,0,0,0,0,Not Alcohol Related,0,1,0,1,0,0,MELBOURNE_CBD,MELBOURNE_CBD,MELBOURNE,METROPOLITAN NORTH WEST REGION,,,Local Road,Local Road,Undivided,Undivided,Metro
2498941.814,2409353.633,39509,T20180019269,ABS to receive accident,Finished,2018/10/14 00:00:00+00,1899/12/30 07:00:00+00,No,Struck Pedestrian,,PED NEAR SIDE. PED HIT BY VEHICLE FROM THE RIGHT.,No,Day,Yes,Not at intersection,Serious injury accident,40 km/hr,No,45888,144.9879815,-37.81683783,Intersection,MELBOURNE,METROPOLITAN NORTH WEST REGION,2498941.814,2409353.633,2,1,0,1,0,1,2,0,0,0,1,1,0,0,0,0,0,0,0,0,Not Alcohol Related,0,1,0,1,0,0,MELB_URBAN,MELB_URBAN,MELBOURNE,METROPOLITAN NORTH WEST REGION,,,Arterial Other,"Arterial Other,Local Road",Undivided,Undivided,Metro
2496336.862,2410115.862,39721,T20180012019,ABS to receive accident,Finished,2018/06/26 00:00:00+00,1899/12/30 17:17:00+00,No,Collision with vehicle,Monday,VEHICLE COLLIDES WITH VEHICLE PARKED ON LEFT OF ROAD,Yes,Day,Yes,Not at intersection,Serious injury accident,60 km/hr,No,38836,144.9582293,-37.81000762,Intersection,MELBOURNE,METROPOLITAN NORTH WEST REGION,2496336.862,2410115.862,3,1,0,1,0,1,2,0,0,0,2,1,0,0,0,0,0,0,0,0,Not Alcohol Related,0,3,0,3,0,0,MELB_URBAN,MELB_URBAN,MELBOURNE,METROPOLITAN NORTH WEST REGION,,,Local Road,Local Road,Divided,"Undivided,Divided",Metro
2495581.122,2408966.2,39969,T20180016658,ABS to receive accident,Finished,2018/09/03 00:00:00+00,1899/12/30 15:05:00+00,No,Struck Pedestrian,Monday,PED PLAYING/LYING/WORKING/STANDING ON CARRIAGEWAY.,No,Day,No,Not at intersection,Other injury accident,40 km/hr,No,336285,144.9498289,-37.82035474,Non-Intersection,MELBOURNE,METROPOLITAN NORTH WEST REGION,2495581.122,2408966.2,2,2,0,0,2,0,1,0,0,0,1,1,0,0,0,0,0,0,0,0,Not Alcohol Related,0,1,0,1,0,0,MELB_URBAN,MELB_URBAN,MELBOURNE,METROPOLITAN NORTH WEST REGION,,,Local Road,Local Road,Undivided,Undivided,Metro
2497135.382,2411484.325,40338,T20180013231,ABS to receive accident,Finished,2018/07/14 00:00:00+00,1899/12/30 19:20:00+00,Yes,Struck Pedestrian,Saturday,PED NEAR SIDE. PED HIT BY VEHICLE FROM THE RIGHT.,Yes,Dark Street lights on,Yes,T intersection,Serious injury accident,40 km/hr,No,65162,144.9674633,-37.79763059,Intersection,MELBOURNE,METROPOLITAN NORTH WEST REGION,2497135.382,2411484.325,2,1,0,1,0,1,1,1,0,0,1,1,0,0,0,0,0,1,1,0,Not Alcohol Related,0,1,0,1,0,0,MELB_URBAN,MELB_URBAN,MELBOURNE,METROPOLITAN NORTH WEST REGION,,,Local Road,Local Road,Divided,"Undivided,Divided",Metro
2496996.234,2409481.129,40392,T20180018627,ABS to receive accident,Finished,2018/10/04 00:00:00+00,1899/12/30 13:55:00+00,No,Struck Pedestrian,Thursday,FAR SIDE. PED HIT BY VEHICLE FROM THE LEFT,No,Day,Yes,T intersection,Other injury accident,40 km/hr,No,265872,144.9658938,-37.81570418,Intersection,MELBOURNE,METROPOLITAN NORTH WEST REGION,2496996.234,2409481.129,2,1,0,0,1,1,1,1,0,0,1,1,0,0,0,0,0,0,0,0,Not Alcohol Related,0,1,0,1,0,0,MELBOURNE_CBD,MELBOURNE_CBD,MELBOURNE,METROPOLITAN NORTH WEST REGION,,,Local Road,Local Road,Undivided,Undivided,Metro
2496084.488,2409273.037,40468,T20180021570,ABS to receive accident,Finished,2018/11/18 00:00:00+00,1899/12/30 01:00:00+00,No,Struck Pedestrian,,FAR SIDE. PED HIT BY VEHICLE FROM THE LEFT,No,Dark Street lights on,Yes,Not at intersection,Other injury accident,40 km/hr,No,339271,144.9555269,-37.81755497,Non-Intersection,MELBOURNE,METROPOLITAN NORTH WEST REGION,2496084.488,2409273.037,2,1,0,0,1,1,1,1,0,0,1,1,0,0,0,0,1,0,0,0,Not Alcohol Related,0,1,0,1,0,0,MELBOURNE_CBD,MELBOURNE_CBD,MELBOURNE,METROPOLITAN NORTH WEST REGION,,,Local Road,Local Road,Undivided,Undivided,Metro
2496536.453,2408665.84,40478,T20180021695,ABS to receive accident,Finished,2018/11/17 00:00:00+00,1899/12/30 03:00:00+00,Yes,Struck Pedestrian,Saturday,PED NEAR SIDE. PED HIT BY VEHICLE FROM THE RIGHT.,Yes,Dark Street lights on,No,Not at intersection,Other injury accident,30km/hr,No,340450,144.9605,-37.82318,Off Road,MELBOURNE,METROPOLITAN NORTH WEST REGION,2496536.453,2408665.84,2,1,0,0,1,1,1,1,0,0,1,1,0,0,0,0,0,0,0,0,Not Alcohol Related,0,1,0,1,0,0,MELB_URBAN,MELB_URBAN,MELBOURNE,METROPOLITAN NORTH WEST REGION,,,,,,,Metro
2496455.251,2413248.371,40577,T20180022008,ABS to receive accident,Finished,2018/11/23 00:00:00+00,1899/12/30 15:00:00+00,No,Struck Pedestrian,Friday,FAR SIDE. PED HIT BY VEHICLE FROM THE LEFT,No,Day,Yes,T intersection,Serious injury accident,60 km/hr,No,45641,144.9597526,-37.78173786,Intersection,MELBOURNE,METROPOLITAN NORTH WEST REGION,2496455.251,2413248.371,2,1,0,1,0,1,2,0,0,0,1,1,0,0,0,0,1,0,0,0,Not Alcohol Related,0,1,0,0,0,1,MELB_URBAN,MELB_URBAN,MELBOURNE,METROPOLITAN NORTH WEST REGION,,,Arterial Other,"Arterial Other,Local Road",Divided,"Divided,Undivided",Metro
2497548.52,2409809.657,40612,T20180019139,ABS to receive accident,Finished,2018/10/12 00:00:00+00,1899/12/30 12:44:00+00,No,Struck Pedestrian,Friday,ANY MANOEUVRE INVOLVING PED NOT INCLUDED IN DCAs 100-108.,No,Day,Yes,T intersection,Other injury accident,40 km/hr,No,335436,144.9721645,-37.81272626,Non-Intersection,MELBOURNE,METROPOLITAN NORTH WEST REGION,2497548.52,2409809.657,2,1,0,0,1,1,2,0,0,0,1,1,0,0,0,0,0,0,0,0,Not Alcohol Related,0,1,0,1,0,0,MELBOURNE_CBD,MELBOURNE_CBD,MELBOURNE,METROPOLITAN NORTH WEST REGION,,,Local Road,Local Road,Undivided,Undivided,Metro
2496591.977,2410091.817,41066,T20180015257,ABS to receive accident,Finished,2018/08/13 00:00:00+00,1899/12/30 06:15:00+00,Yes,Struck Pedestrian,Sunday,PED NEAR SIDE. PED HIT BY VEHICLE FROM THE RIGHT.,No,Dusk/Dawn,Yes,Not at intersection,Serious injury accident,40 km/hr,No,359785,144.9613294,-37.81016949,Non-Intersection,MELBOURNE,METROPOLITAN NORTH WEST REGION,2496591.977,2410091.817,2,1,0,1,0,1,2,0,0,0,1,1,0,0,0,0,0,0,0,0,Not Alcohol Related,0,1,0,1,0,0,MELB_URBAN,MELB_URBAN,MELBOURNE,METROPOLITAN NORTH WEST REGION,,,Local Road,Local Road,Undivided,Undivided,Metro
2492373.724,2411068.58,41090,T20180020138,ABS to receive accident,Finished,2018/10/26 00:00:00+00,1899/12/30 23:15:00+00,Yes,Struck Pedestrian,Friday,PED STRUCK WALKING TO/FROM OR BOARDING/ALIGHTING VEHICLE.,No,Dark Street lights on,Yes,Not at intersection,Serious injury accident,70 km/hr,No,339973,144.9134038,-37.80136133,Non-Intersection,MELBOURNE,METROPOLITAN NORTH WEST REGION,2492373.724,2411068.58,2,1,0,1,0,1,1,1,0,0,1,1,0,0,0,0,0,0,0,0,Not Alcohol Related,0,1,0,1,0,0,MELB_URBAN,MELB_URBAN,MELBOURNE,METROPOLITAN NORTH WEST REGION,,,Arterial Other,Arterial Other,Divided,Divided,Metro
2496263.221,2411263.838,41121,T20180020148,ABS to receive accident,Finished,2018/10/27 00:00:00+00,1899/12/30 08:50:00+00,No,Struck Pedestrian,Saturday,PED STRUCK WALKING TO/FROM OR BOARDING/ALIGHTING VEHICLE.,No,Day,No,Not at intersection,Other injury accident,40 km/hr,No,338224,144.9575424,-37.79961662,Non-Intersection,MELBOURNE,METROPOLITAN NORTH WEST REGION,2496263.221,2411263.838,2,1,0,0,1,1,1,1,0,0,1,1,0,0,0,0,0,0,0,0,Not Alcohol Related,0,1,0,0,0,0,MELB_URBAN,MELB_URBAN,MELBOURNE,METROPOLITAN NORTH WEST REGION,,,Arterial Other,Arterial Other,Divided,Divided,Metro