X,Y,OBJECTID,ACCIDENT_NO,ABS_CODE,ACCIDENT_STATUS,ACCIDENT_DATE,ACCIDENT_TIME,ALCOHOLTIME,ACCIDENT_TYPE,DAY_OF_WEEK,DCA_CODE,HIT_RUN_FLAG,LIGHT_CONDITION,POLICE_ATTEND,ROAD_GEOMETRY,SEVERITY,SPEED_ZONE,RUN_OFFROAD,NODE_ID,LONGITUDE,LATITUDE,NODE_TYPE,LGA_NAME,REGION_NAME,VICGRID_X,VICGRID_Y,TOTAL_PERSONS,INJ_OR_FATAL,FATALITY,SERIOUSINJURY,OTHERINJURY,NONINJURED,MALES,FEMALES,BICYCLIST,PASSENGER,DRIVER,PEDESTRIAN,PILLION,MOTORIST,UNKNOWN,PED_CYCLIST_5_12,PED_CYCLIST_13_18,OLD_PEDESTRIAN,OLD_DRIVER,YOUNG_DRIVER,ALCOHOL_RELATED,UNLICENCSED,NO_OF_VEHICLES,HEAVYVEHICLE,PASSENGERVEHICLE,MOTORCYCLE,PUBLICVEHICLE,DEG_URBAN_NAME,DEG_URBAN_ALL,LGA_NAME_ALL,REGION_NAME_ALL,SRNS,SRNS_ALL,RMA,RMA_ALL,DIVIDED,DIVIDED_ALL,STAT_DIV_NAME
2497053.958,2409502.493,41159,T20180020204,ABS to receive accident,Finished,2018/10/28 00:00:00+00,1899/12/30 01:12:00+00,Yes,Struck Pedestrian,Sunday,FAR SIDE. PED HIT BY VEHICLE FROM THE LEFT,No,Dark Street lights on,Yes,Cross intersection,Other injury accident,40 km/hr,No,29427,144.9664554,-37.81553448,Intersection,MELBOURNE,METROPOLITAN NORTH WEST REGION,2497053.958,2409502.493,3,1,0,0,1,2,2,1,0,0,0,1,1,1,0,0,0,0,0,0,Alcohol Related,0,1,0,0,1,0,MELBOURNE_CBD,MELBOURNE_CBD,MELBOURNE,METROPOLITAN NORTH WEST REGION,,,Local Road,Local Road,Undivided,Undivided,Metro
2496660.917,2410922.119,41173,T20180023648,ABS to receive accident,Finished,2018/12/14 00:00:00+00,1899/12/30 17:15:00+00,Yes,Struck Pedestrian,Friday,PED NEAR SIDE. PED HIT BY VEHICLE FROM THE RIGHT.,No,Dark Street lights unknown,No,Not at intersection,Serious injury accident,50 km/hr,No,359120,144.962174,-37.80270871,Non-Intersection,MELBOURNE,METROPOLITAN NORTH WEST REGION,2496660.917,2410922.119,2,1,0,1,0,1,1,1,0,0,1,1,0,0,0,0,0,0,0,0,Not Alcohol Related,0,1,0,1,0,0,MELB_URBAN,MELB_URBAN,MELBOURNE,METROPOLITAN NORTH WEST REGION,,,Local Road,Local Road,Divided,Divided,Metro
2496934.278,2409829.556,41197,T20180020324,ABS to receive accident,Finished,2018/10/29 00:00:00+00,1899/12/30 14:53:00+00,No,Struck Pedestrian,Monday,PED NEAR SIDE. PED HIT BY VEHICLE FROM THE RIGHT.,No,Day,Yes,Cross intersection,Other injury accident,40 km/hr,No,36940,144.9652208,-37.81259496,Intersection,MELBOURNE,METROPOLITAN NORTH WEST REGION,2496934.278,2409829.556,2,1,0,0,1,1,1,1,1,0,0,1,0,0,0,0,0,0,0,0,Not Alcohol Related,0,1,0,0,0,0,MELBOURNE_CBD,MELBOURNE_CBD,MELBOURNE,METROPOLITAN NORTH WEST REGION,,,Local Road,Local Road,Undivided,Undivided,Metro
2494030.976,2410808.24,41270,T20180017258,ABS to receive accident,Finished,2018/09/13 00:00:00+00,1899/12/30 08:37:00+00,No,Struck Pedestrian,Thursday,PED NEAR SIDE. PED HIT BY VEHICLE FROM THE RIGHT.,No,Day,Yes,T intersection,Other injury accident,60 km/hr,No,36053,144.9322304,-37.80365248,Intersection,MELBOURNE,METROPOLITAN NORTH WEST REGION,2494030.976,2410808.24,2,1,0,0,1,1,2,0,0,0,1,1,0,0,0,0,0,0,0,0,Not Alcohol Related,0,1,0,1,0,0,MELB_URBAN,MELB_URBAN,MELBOURNE,METROPOLITAN NORTH WEST REGION,,,Arterial Other,"Local Road,Arterial Other",Divided,"Undivided,Divided",Metro
2497626.654,2409961.37,41538,T20180015981,ABS to receive accident,Finished,2018/08/24 00:00:00+00,1899/12/30 12:40:00+00,No,Struck Pedestrian,Thursday,PED EMERGES FROM IN FRONT OF PARKED OR STATIONARY VEHICLE,No,Day,Yes,T intersection,Other injury accident,40 km/hr,No,36987,144.9730391,-37.81138634,Intersection,MELBOURNE,METROPOLITAN NORTH WEST REGION,2497626.654,2409961.37,2,1,0,0,1,1,1,1,0,0,1,1,0,0,0,0,0,0,0,0,Not Alcohol Related,0,1,0,1,0,0,MELBOURNE_CBD,"MELB_URBAN,MELBOURNE_CBD",MELBOURNE,METROPOLITAN NORTH WEST REGION,,,Local Road,Local Road,Undivided,Undivided,Metro
2496479.808,2409044.898,41775,T20180016811,ABS to receive accident,Finished,2018/09/05 00:00:00+00,1899/12/30 17:00:00+00,No,Struck Pedestrian,Wednesday,FAR SIDE. PED HIT BY VEHICLE FROM THE LEFT,No,Day,Yes,Cross intersection,Serious injury accident,40 km/hr,No,29420,144.9600173,-37.81961347,Intersection,MELBOURNE,METROPOLITAN NORTH WEST REGION,2496479.808,2409044.898,2,1,0,1,0,1,1,1,0,0,1,1,0,0,0,0,0,0,0,0,Not Alcohol Related,0,1,0,1,0,0,MELBOURNE_CBD,"MELB_URBAN,MELBOURNE_CBD",MELBOURNE,METROPOLITAN NORTH WEST REGION,,,Local Road,Local Road,Undivided,Undivided,Metro
2495006.233,2412296.647,41798,T20180020824,ABS to receive accident,Finished,2018/11/06 00:00:00+00,1899/12/30 19:10:00+00,Yes,Struck Pedestrian,Tuesday,FAR SIDE. PED HIT BY VEHICLE FROM THE LEFT,No,Day,Yes,T intersection,Other injury accident,60 km/hr,No,338717,144.9433465,-37.79027528,Non-Intersection,MELBOURNE,METROPOLITAN NORTH WEST REGION,2495006.233,2412296.647,2,1,0,0,1,1,2,0,0,0,1,1,0,0,0,0,0,0,0,0,Not Alcohol Related,0,1,0,1,0,0,MELB_URBAN,MELB_URBAN,MELBOURNE,METROPOLITAN NORTH WEST REGION,,,Arterial Other,Arterial Other,Divided,Divided,Metro
2495257.128,2410217.111,41999,T20180021085,ABS to receive accident,Finished,2018/11/08 00:00:00+00,1899/12/30 19:45:00+00,Yes,Struck Pedestrian,Thursday,ANY MANOEUVRE INVOLVING PED NOT INCLUDED IN DCAs 100-108.,No,Day,No,Cross intersection,Other injury accident,50 km/hr,No,65674,144.9461375,-37.80904636,Intersection,MELBOURNE,METROPOLITAN NORTH WEST REGION,2495257.128,2410217.111,2,1,0,0,1,1,2,0,0,0,1,1,0,0,0,0,0,0,0,1,Not Alcohol Related,0,1,0,1,0,0,MELB_URBAN,MELB_URBAN,MELBOURNE,METROPOLITAN NORTH WEST REGION,,,Local Road,Local Road,Divided,"Undivided,Divided",Metro
2495755.253,2411545.668,42087,T20190001348,ABS to receive accident,Finished,2019/01/23 00:00:00+00,1899/12/30 12:27:00+00,No,Struck Pedestrian,Tuesday,PED NEAR SIDE. PED HIT BY VEHICLE FROM THE RIGHT.,No,Day,Yes,Not at intersection,Other injury accident,50 km/hr,No,119353,144.9517981,-37.7970766,Non-Intersection,MELBOURNE,METROPOLITAN NORTH WEST REGION,2495755.253,2411545.668,2,1,0,0,1,1,0,1,0,0,1,1,0,0,0,0,1,0,0,0,Not Alcohol Related,0,1,0,1,0,0,MELB_URBAN,MELB_URBAN,MELBOURNE,METROPOLITAN NORTH WEST REGION,,,Arterial Other,Arterial Other,Divided,Divided,Metro
2497430.572,2411706.786,42476,T20180018727,ABS to receive accident,Finished,2018/10/05 00:00:00+00,1899/12/30 13:30:00+00,No,Struck Pedestrian,Thursday,PED NEAR SIDE. PED HIT BY VEHICLE FROM THE RIGHT.,No,Day,No,T intersection,Other injury accident,40 km/hr,No,36367,144.9708254,-37.79563283,Intersection,MELBOURNE,METROPOLITAN NORTH WEST REGION,2497430.572,2411706.786,2,1,0,0,1,1,0,2,0,0,1,1,0,0,0,0,0,1,0,0,Not Alcohol Related,0,1,0,1,0,0,MELB_URBAN,MELB_URBAN,MELBOURNE,METROPOLITAN NORTH WEST REGION,,,Local Road,Local Road,Divided,Divided,Metro
2496279.321,2411250.645,43145,T20180019995,ABS to receive accident,Finished,2018/10/22 00:00:00+00,1899/12/30 16:30:00+00,No,Struck Pedestrian,Monday,FAR SIDE. PED HIT BY VEHICLE FROM THE LEFT,Yes,Day,Yes,Cross intersection,Other injury accident,50 km/hr,No,236994,144.9577752,-37.7997657,Intersection,MELBOURNE,METROPOLITAN NORTH WEST REGION,2496279.321,2411250.645,2,1,0,0,1,1,2,0,0,0,1,1,0,0,0,0,0,0,0,0,Not Alcohol Related,0,1,0,0,0,1,MELB_URBAN,MELB_URBAN,MELBOURNE,METROPOLITAN NORTH WEST REGION,,,Arterial Other,"Arterial Other,Local Road",Undivided,Undivided,Metro
2497509.057,2409917.898,43200,T20180020434,ABS to receive accident,Finished,2018/10/31 00:00:00+00,1899/12/30 11:45:00+00,No,Struck Pedestrian,Wednesday,PED NEAR SIDE. PED HIT BY VEHICLE FROM THE RIGHT.,No,Day,Yes,T intersection,Serious injury accident,40 km/hr,No,338637,144.9717251,-37.81178193,Non-Intersection,MELBOURNE,METROPOLITAN NORTH WEST REGION,2497509.057,2409917.898,2,1,0,1,0,1,2,0,0,0,1,1,0,0,0,0,0,0,0,0,Not Alcohol Related,1,1,0,0,0,0,MELBOURNE_CBD,MELBOURNE_CBD,MELBOURNE,METROPOLITAN NORTH WEST REGION,,,Local Road,Local Road,Undivided,Undivided,Metro
2496165.019,2409916.976,43448,T20190000099,ABS to receive accident,Finished,2019/01/02 00:00:00+00,1899/12/30 15:00:00+00,No,Struck Pedestrian,Wednesday,FAR SIDE. PED HIT BY VEHICLE FROM THE LEFT,No,Day,Yes,Cross intersection,Other injury accident,40 km/hr,No,65799,144.9565116,-37.81174158,Intersection,MELBOURNE,METROPOLITAN NORTH WEST REGION,2496165.019,2409916.976,2,2,0,0,2,0,1,1,0,0,1,1,0,0,0,0,0,0,0,1,Not Alcohol Related,0,1,0,1,0,0,MELBOURNE_CBD,"MELB_URBAN,MELBOURNE_CBD",MELBOURNE,METROPOLITAN NORTH WEST REGION,,,Local Road,Local Road,Undivided,Undivided,Metro
2498393.003,2409157.996,44216,T20190003701,ABS to receive accident,Finished,2019/02/24 00:00:00+00,1899/12/30 23:15:00+00,Yes,Struck Pedestrian,Sunday,PARKED CAR RUN AWAY,Yes,Dark Street lights on,Yes,Not at intersection,Serious injury accident,40 km/hr,No,347158,144.9817344,-37.81861817,Intersection,MELBOURNE,METROPOLITAN NORTH WEST REGION,2498393.003,2409157.996,2,1,0,1,0,1,2,0,0,1,0,1,0,0,0,0,0,0,0,0,Not Alcohol Related,0,1,0,1,0,0,MELB_URBAN,MELB_URBAN,MELBOURNE,METROPOLITAN NORTH WEST REGION,,,Local Road,Local Road,Undivided,Undivided,Metro
2496412.306,2412583.531,44282,T20190003999,ABS to receive accident,Finished,2019/02/28 00:00:00+00,1899/12/30 21:50:00+00,Yes,Struck Pedestrian,Thursday,FAR SIDE. PED HIT BY VEHICLE FROM THE LEFT,No,Dark Street lights on,Yes,Not at intersection,Other injury accident,50 km/hr,No,342801,144.9591986,-37.7877298,Non-Intersection,MELBOURNE,METROPOLITAN NORTH WEST REGION,2496412.306,2412583.531,2,1,0,0,1,1,2,0,0,0,1,1,0,0,0,0,0,0,0,1,Not Alcohol Related,0,1,0,1,0,0,MELB_URBAN,MELB_URBAN,MELBOURNE,METROPOLITAN NORTH WEST REGION,,,Arterial Other,Arterial Other,Undivided,Undivided,Metro
2496263.357,2408961.524,44404,T20190002483,ABS to receive accident,Finished,2019/02/08 00:00:00+00,1899/12/30 23:30:00+00,Yes,Struck Pedestrian,Friday,FAR SIDE. PED HIT BY VEHICLE FROM THE LEFT,No,Dark Street lights on,Yes,Cross intersection,Other injury accident,40 km/hr,No,36856,144.9574982,-37.82038767,Intersection,MELBOURNE,METROPOLITAN NORTH WEST REGION,2496263.357,2408961.524,3,1,0,0,1,2,2,1,0,1,1,1,0,0,0,0,0,0,0,0,Not Alcohol Related,0,1,0,1,0,0,MELBOURNE_CBD,"MELB_URBAN,MELBOURNE_CBD",MELBOURNE,METROPOLITAN NORTH WEST REGION,,,Arterial Highway,"Arterial Other,Local Road,Arterial Highway",Divided,"Divided,Undivided",Metro
2497093.461,2409392.343,44405,T20190002487,ABS to receive accident,Finished,2019/02/08 00:00:00+00,1899/12/30 19:30:00+00,Yes,Struck Pedestrian,Friday,PED NEAR SIDE. PED HIT BY VEHICLE FROM THE RIGHT.,Yes,Day,Yes,Cross intersection,Other injury accident,40 km/hr,No,35364,144.9670207,-37.8164677,Intersection,MELBOURNE,METROPOLITAN NORTH WEST REGION,2497093.461,2409392.343,2,1,0,0,1,1,1,0,0,0,1,1,0,0,0,0,0,0,0,0,Not Alcohol Related,0,1,0,1,0,0,MELBOURNE_CBD,MELBOURNE_CBD,MELBOURNE,METROPOLITAN NORTH WEST REGION,,,Local Road,Local Road,Undivided,Undivided,Metro
2496956.984,2409220.254,44529,T20180023147,ABS to receive accident,Finished,2018/12/08 00:00:00+00,1899/12/30 19:47:00+00,Yes,Struck Pedestrian,Saturday,ANY MANOEUVRE INVOLVING PED NOT INCLUDED IN DCAs 100-108.,No,Dark Street lights on,Yes,Not at intersection,Serious injury accident,50 km/hr,No,340094,144.9654461,-37.81805851,Non-Intersection,MELBOURNE,METROPOLITAN NORTH WEST REGION,2496956.984,2409220.254,2,1,0,1,0,1,2,0,0,0,1,1,0,0,0,0,0,0,0,0,Not Alcohol Related,0,1,0,0,0,1,MELBOURNE_CBD,"MELB_URBAN,MELBOURNE_CBD",MELBOURNE,METROPOLITAN NORTH WEST REGION,,,Local Road,Local Road,Undivided,Undivided,Metro
2498494.577,2408112.232,44560,T20190002681,ABS to receive accident,Finished,2019/02/12 00:00:00+00,1899/12/30 06:30:00+00,No,Struck Pedestrian,Tuesday,FAR SIDE. PED HIT BY VEHICLE FROM THE LEFT,No,Dark Street lights on,Yes,Not at intersection,Serious injury accident,50 km/hr,No,342402,144.9828819,-37.82802244,Non-Intersection,MELBOURNE,METROPOLITAN NORTH WEST REGION,2498494.577,2408112.232,2,1,0,1,0,1,1,1,0,0,1,1,0,0,0,0,0,0,0,0,Not Alcohol Related,0,1,0,1,0,0,MELB_URBAN,MELB_URBAN,MELBOURNE,METROPOLITAN NORTH WEST REGION,,,Local Road,Local Road,Undivided,Undivided,Metro
2497304.043,2410163.334,44738,T20160010991,ABS to receive accident,Finished,2016/05/19 00:00:00+00,1899/12/30 08:45:00+00,No,Struck Pedestrian,Wednesday,FAR SIDE. PED HIT BY VEHICLE FROM THE LEFT,No,Day,No,Not at intersection,Other injury accident,40 km/hr,No,303625,144.9694351,-37.80951923,Non-Intersection,MELBOURNE,METROPOLITAN NORTH WEST REGION,2497304.043,2410163.334,2,1,0,0,1,1,1,0,1,0,0,1,0,0,0,0,0,0,0,0,Not Alcohol Related,0,1,0,0,0,0,MELBOURNE_CBD,MELBOURNE_CBD,MELBOURNE,METROPOLITAN NORTH WEST REGION,,,Local Road,Local Road,Divided,Divided,Metro
2499008.976,2408498.879,45219,T20190006755,ABS to receive accident,Unfinished,2019/04/09 00:00:00+00,1899/12/30 19:06:00+00,Yes,Struck Pedestrian,Monday,VEHICLE OFF FOOTPATH STRIKES VEH ON CARRIAGEWAY,No,Dark Street lights on,Yes,Not at intersection,Serious injury accident,60 km/hr,No,660851,144.9887314,-37.82455628,Non-Intersection,MELBOURNE,METROPOLITAN NORTH WEST REGION,2499008.976,2408498.879,2,1,0,1,0,1,1,1,0,0,1,1,0,0,0,0,0,0,0,1,Not Alcohol Related,0,1,0,1,0,0,MELB_URBAN,MELB_URBAN,MELBOURNE,METROPOLITAN NORTH WEST REGION,,,Arterial Other,Arterial Other,Divided,Divided,Metro
2495203.356,2410933.123,45340,T20190007077,ABS to receive accident,Finished,2019/04/14 00:00:00+00,1899/12/30 10:56:00+00,No,Struck Pedestrian,Sunday,PED NEAR SIDE. PED HIT BY VEHICLE FROM THE RIGHT.,No,Day,Yes,Cross intersection,Serious injury accident,50 km/hr,No,36098,144.9455314,-37.80259479,Intersection,MELBOURNE,METROPOLITAN NORTH WEST REGION,2495203.356,2410933.123,4,3,0,1,2,1,4,0,0,0,1,3,0,0,0,1,0,1,0,1,Not Alcohol Related,0,1,0,1,0,0,MELB_URBAN,MELB_URBAN,MELBOURNE,METROPOLITAN NORTH WEST REGION,,,Local Road,Local Road,Undivided,Undivided,Metro
2496339.972,2408988.907,45397,T20160013010,ABS to receive accident,Finished,2016/06/13 00:00:00+00,1899/12/30 16:17:00+00,No,Collision with a fixed object,Monday,LEFT OFF CARRIAGEWAY INTO OBJECT/PARKED VEHICLE,No,Dusk/Dawn,Yes,Not at intersection,Other injury accident,40 km/hr,Yes,304680,144.9584187,-37.82009309,Non-Intersection,MELBOURNE,METROPOLITAN NORTH WEST REGION,2496339.972,2408988.907,5,2,0,0,2,3,4,1,0,2,2,1,0,0,0,0,0,0,0,0,Not Alcohol Related,0,2,0,2,0,0,MELBOURNE_CBD,"MELB_URBAN,MELBOURNE_CBD",MELBOURNE,METROPOLITAN NORTH WEST REGION,,,Local Road,Local Road,Undivided,Undivided,Metro
2496311.725,2411762.16,45610,T20160013348,ABS to receive accident,Finished,2016/06/17 00:00:00+00,1899/12/30 18:11:00+00,Yes,Struck Pedestrian,Friday,PED NEAR SIDE. PED HIT BY VEHICLE FROM THE RIGHT.,No,Dark Street lights on,Yes,Not at intersection,Other injury accident,60 km/hr,No,304865,144.9580857,-37.79512906,Non-Intersection,MELBOURNE,METROPOLITAN NORTH WEST REGION,2496311.725,2411762.16,2,1,0,0,1,1,2,0,0,0,0,1,0,1,0,0,0,0,0,0,Not Alcohol Related,0,1,0,0,1,0,MELB_URBAN,MELB_URBAN,MELBOURNE,METROPOLITAN NORTH WEST REGION,,,Arterial Other,Arterial Other,Divided,Divided,Metro
2496004.776,2408990.859,45736,T20190001767,ABS to receive accident,Finished,2019/01/29 00:00:00+00,1899/12/30 17:15:00+00,No,Collision with vehicle,Tuesday,LEFT REAR,No,Day,No,T intersection,Serious injury accident,50 km/hr,No,36839,144.9548547,-37.82000193,Intersection,MELBOURNE,METROPOLITAN NORTH WEST REGION,2496004.776,2408990.859,3,1,0,1,0,2,1,0,0,0,2,1,0,0,0,0,0,0,0,0,Not Alcohol Related,0,2,0,2,0,0,MELBOURNE_CBD,"MELB_URBAN,MELBOURNE_CBD",MELBOURNE,METROPOLITAN NORTH WEST REGION,,,Arterial Other,"Arterial Other,Local Road",Undivided,Undivided,Metro
2496263.357,2408961.524,45885,T20190008429,ABS to receive accident,Finished,2019/05/04 00:00:00+00,1899/12/30 18:00:00+00,Yes,Struck Pedestrian,Saturday,PED NEAR SIDE. PED HIT BY VEHICLE FROM THE RIGHT.,Yes,Day,No,Cross intersection,Other injury accident,50 km/hr,No,36856,144.9576261,-37.82040938,Intersection,MELBOURNE,METROPOLITAN NORTH WEST REGION,2496263.357,2408961.524,2,1,0,0,1,1,1,1,0,0,1,1,0,0,0,0,0,0,0,0,Not Alcohol Related,0,1,0,1,0,0,MELBOURNE_CBD,"MELB_URBAN,MELBOURNE_CBD",MELBOURNE,METROPOLITAN NORTH WEST REGION,,,Arterial Highway,"Arterial Other,Local Road,Arterial Highway",Divided,"Divided,Undivided",Metro
2496617.478,2409342.513,45998,T20160011009,ABS to receive accident,Finished,2016/05/19 00:00:00+00,1899/12/30 17:45:00+00,No,Struck Pedestrian,Thursday,PED NEAR SIDE. PED HIT BY VEHICLE FROM THE RIGHT.,No,Dark Street lights on,Yes,Cross intersection,Serious injury accident,40 km/hr,No,36889,144.9616299,-37.81689877,Intersection,MELBOURNE,METROPOLITAN NORTH WEST REGION,2496617.478,2409342.513,2,1,0,1,0,1,2,0,0,0,1,1,0,0,0,0,0,0,0,0,Not Alcohol Related,0,1,0,1,0,0,MELBOURNE_CBD,MELBOURNE_CBD,MELBOURNE,METROPOLITAN NORTH WEST REGION,,,Local Road,Local Road,Divided,"Undivided,Divided",Metro
2495990.215,2409362.952,46093,T20160012289,ABS to receive accident,Finished,2016/05/04 00:00:00+00,1899/12/30 09:35:00+00,No,collision with some other object,Wednesday,OTHER MANOEUVRING NOT INCLUDED IN DCAs 140-148,No,Unk.,No,Not at intersection,Other injury accident,50 km/hr,No,304462,144.9544491,-37.81673273,Non-Intersection,MELBOURNE,METROPOLITAN NORTH WEST REGION,2495990.215,2409362.952,2,1,0,0,1,1,2,0,0,0,1,1,0,0,0,0,0,0,0,0,Not Alcohol Related,0,1,0,1,0,0,MELBOURNE_CBD,MELBOURNE_CBD,MELBOURNE,METROPOLITAN NORTH WEST REGION,,,Local Road,Local Road,Undivided,Undivided,Metro
2496032.967,2409869.998,46291,T20160014429,ABS to receive accident,Finished,2016/07/02 00:00:00+00,1899/12/30 13:00:00+00,No,Struck Pedestrian,Saturday,PED PLAYING/LYING/WORKING/STANDING ON CARRIAGEWAY.,No,Day,Yes,T intersection,Serious injury accident,40 km/hr,No,265474,144.9549843,-37.8122085,Intersection,MELBOURNE,METROPOLITAN NORTH WEST REGION,2496032.967,2409869.998,2,1,0,1,0,1,2,0,0,0,1,1,0,0,0,0,0,0,0,0,Not Alcohol Related,0,1,0,0,0,0,MELBOURNE_CBD,"MELB_URBAN,MELBOURNE_CBD",MELBOURNE,METROPOLITAN NORTH WEST REGION,,,Local Road,Local Road,Undivided,Undivided,Metro
2497546.801,2410178.4,46323,T20160014706,ABS to receive accident,Finished,2016/07/06 00:00:00+00,1899/12/30 11:40:00+00,No,Struck Pedestrian,Wednesday,FAR SIDE. PED HIT BY VEHICLE FROM THE LEFT,Yes,Day,Yes,Cross intersection,Other injury accident,40 km/hr,No,36985,144.9721657,-37.8094305,Intersection,MELBOURNE,METROPOLITAN NORTH WEST REGION,2497546.801,2410178.4,2,1,0,0,1,1,2,0,0,0,1,1,0,0,0,0,0,0,0,0,Not Alcohol Related,0,1,0,1,0,0,MELBOURNE_CBD,"MELB_URBAN,MELBOURNE_CBD",MELBOURNE,METROPOLITAN NORTH WEST REGION,,,Local Road,Local Road,Divided,"Divided,Undivided",Metro
2495478.623,2410610.322,46476,T20160016677,ABS to receive accident,Finished,2016/07/30 00:00:00+00,1899/12/30 02:17:00+00,Yes,Struck Pedestrian,Saturday,FAR SIDE. PED HIT BY VEHICLE FROM THE LEFT,Yes,Dark Street lights on,Yes,Cross intersection,Fatal accident,60 km/hr,No,29377,144.9486414,-37.80550817,Intersection,MELBOURNE,METROPOLITAN NORTH WEST REGION,2495478.623,2410610.322,2,1,1,0,0,1,1,1,0,0,1,1,0,0,0,0,0,0,0,1,Alcohol Related,0,1,0,1,0,0,MELB_URBAN,MELB_URBAN,MELBOURNE,METROPOLITAN NORTH WEST REGION,,,Arterial Other,"Arterial Other,Local Road",Divided,Divided,Metro
2497400.884,2411501.602,46610,T20160017645,ABS to receive accident,Finished,2016/08/11 00:00:00+00,1899/12/30 09:05:00+00,No,Struck Pedestrian,Thursday,FAR SIDE. PED HIT BY VEHICLE FROM THE LEFT,No,Day,No,Cross intersection,Serious injury accident,60 km/hr,No,36370,144.9704601,-37.79754197,Intersection,MELBOURNE,METROPOLITAN NORTH WEST REGION,2497400.884,2411501.602,2,1,0,1,0,1,1,1,0,0,1,1,0,0,0,0,0,0,0,0,Not Alcohol Related,0,1,0,1,0,0,MELB_URBAN,MELB_URBAN,MELBOURNE,METROPOLITAN NORTH WEST REGION,,,Local Road,Local Road,Divided,Divided,Metro
2497053.958,2409502.493,46624,T20160017820,ABS to receive accident,Finished,2016/08/14 00:00:00+00,1899/12/30 23:19:00+00,No,Struck Pedestrian,,FAR SIDE. PED HIT BY VEHICLE FROM THE LEFT,No,Dark Street lights on,Yes,Cross intersection,Other injury accident,40 km/hr,No,29427,144.9665101,-37.81551685,Intersection,MELBOURNE,METROPOLITAN NORTH WEST REGION,2497053.958,2409502.493,2,1,0,0,1,1,2,0,0,0,1,1,0,0,0,0,0,0,0,0,Not Alcohol Related,0,1,0,1,0,0,MELBOURNE_CBD,MELBOURNE_CBD,MELBOURNE,METROPOLITAN NORTH WEST REGION,,,Local Road,Local Road,Undivided,Undivided,Metro
2495005.094,2412297.79,47215,T20160022697,ABS to receive accident,Finished,2016/10/20 00:00:00+00,1899/12/30 13:59:00+00,No,Collision with a fixed object,Thursday,RIGHT OFF CARRIAGEWAY INTO OBJECT/PARKED VEHICLE,No,Day,Yes,T intersection,Serious injury accident,60 km/hr,Yes,36083,144.9433087,-37.79027169,Intersection,MELBOURNE,METROPOLITAN NORTH WEST REGION,2495005.094,2412297.79,2,1,0,1,0,1,2,0,0,0,1,1,0,0,0,0,0,0,0,0,Not Alcohol Related,0,1,0,1,0,0,MELB_URBAN,MELB_URBAN,MELBOURNE,METROPOLITAN NORTH WEST REGION,,,Arterial Other,"Arterial Other,Local Road",Divided,Divided,Metro
2496119.047,2409161.601,47245,T20190008956,ABS to receive accident,Finished,2019/05/13 00:00:00+00,1899/12/30 08:00:00+00,Yes,Struck Pedestrian,Sunday,ANY MANOEUVRE INVOLVING PED NOT INCLUDED IN DCAs 100-108.,No,Day,Yes,Not at intersection,Other injury accident,40 km/hr,No,608413,144.9559046,-37.81852621,Non-Intersection,MELBOURNE,METROPOLITAN NORTH WEST REGION,2496119.047,2409161.601,2,1,0,0,1,1,1,1,0,0,1,1,0,0,0,0,0,0,0,0,Not Alcohol Related,0,1,0,1,0,0,MELBOURNE_CBD,MELBOURNE_CBD,MELBOURNE,METROPOLITAN NORTH WEST REGION,,,Local Road,Local Road,Undivided,Undivided,Metro
2496810.358,2409492.815,47309,T20190000544,ABS to receive accident,Finished,2019/01/10 00:00:00+00,1899/12/30 15:30:00+00,No,Struck Pedestrian,Wednesday,FAR SIDE. PED HIT BY VEHICLE FROM THE LEFT,No,Day,Yes,Not at intersection,Other injury accident,40 km/hr,No,341102,144.9638245,-37.81556983,Non-Intersection,MELBOURNE,METROPOLITAN NORTH WEST REGION,2496810.358,2409492.815,2,1,0,0,1,1,1,1,0,0,1,1,0,0,0,0,0,1,0,0,Not Alcohol Related,0,1,0,1,0,0,MELBOURNE_CBD,MELBOURNE_CBD,MELBOURNE,METROPOLITAN NORTH WEST REGION,,,Local Road,Local Road,Undivided,Undivided,Metro