X,Y,OBJECTID,ACCIDENT_NO,ABS_CODE,ACCIDENT_STATUS,ACCIDENT_DATE,ACCIDENT_TIME,ALCOHOLTIME,ACCIDENT_TYPE,DAY_OF_WEEK,DCA_CODE,HIT_RUN_FLAG,LIGHT_CONDITION,POLICE_ATTEND,ROAD_GEOMETRY,SEVERITY,SPEED_ZONE,RUN_OFFROAD,NODE_ID,LONGITUDE,LATITUDE,NODE_TYPE,LGA_NAME,REGION_NAME,VICGRID_X,VICGRID_Y,TOTAL_PERSONS,INJ_OR_FATAL,FATALITY,SERIOUSINJURY,OTHERINJURY,NONINJURED,MALES,FEMALES,BICYCLIST,PASSENGER,DRIVER,PEDESTRIAN,PILLION,MOTORIST,UNKNOWN,PED_CYCLIST_5_12,PED_CYCLIST_13_18,OLD_PEDESTRIAN,OLD_DRIVER,YOUNG_DRIVER,ALCOHOL_RELATED,UNLICENCSED,NO_OF_VEHICLES,HEAVYVEHICLE,PASSENGERVEHICLE,MOTORCYCLE,PUBLICVEHICLE,DEG_URBAN_NAME,DEG_URBAN_ALL,LGA_NAME_ALL,REGION_NAME_ALL,SRNS,SRNS_ALL,RMA,RMA_ALL,DIVIDED,DIVIDED_ALL,STAT_DIV_NAME
2494931.685,2412192.137,56046,T20170019917,ABS to receive accident,Finished,2017/10/19 00:00:00+00,1899/12/30 11:45:00+00,No,Struck Pedestrian,Thursday,PED ON FOOTHPATH STRUCK BY VEHENTERING/LEAVING DRIVEWAY.,No,Day,No,Not at intersection,Other injury accident,60 km/hr,No,323829,144.9424514,-37.79124526,Non-Intersection,MELBOURNE,METROPOLITAN NORTH WEST REGION,2494931.685,2412192.137,2,2,0,0,2,0,1,1,0,0,1,1,0,0,0,0,0,1,0,0,Not Alcohol Related,0,1,0,1,0,0,MELB_URBAN,MELB_URBAN,MELBOURNE,METROPOLITAN NORTH WEST REGION,,,Local Road,Local Road,Divided,Divided,Metro
2496248.779,2411030.871,56060,T20170020172,ABS to receive accident,Finished,2017/10/22 00:00:00+00,1899/12/30 18:10:00+00,Yes,Struck Pedestrian,Sunday,PED EMERGES FROM IN FRONT OF PARKED OR STATIONARY VEHICLE,No,Day,Yes,Cross intersection,Serious injury accident,60 km/hr,No,45686,144.9574214,-37.80175581,Intersection,MELBOURNE,METROPOLITAN NORTH WEST REGION,2496248.779,2411030.871,2,1,0,1,0,1,2,0,0,0,1,1,0,0,0,0,0,0,0,0,Not Alcohol Related,0,1,0,1,0,0,MELB_URBAN,MELB_URBAN,MELBOURNE,METROPOLITAN NORTH WEST REGION,,,Arterial Other,"Arterial Other,Local Road",Divided,"Divided,Undivided",Metro
2496272.622,2409956.734,56089,T20170020558,ABS to receive accident,Finished,2017/10/28 00:00:00+00,1899/12/30 02:20:00+00,Yes,Struck Pedestrian,Saturday,PED NEAR SIDE. PED HIT BY VEHICLE FROM THE RIGHT.,No,Dark Street lights on,Yes,Not at intersection,Serious injury accident,40 km/hr,No,323077,144.9576841,-37.81143871,Non-Intersection,MELBOURNE,METROPOLITAN NORTH WEST REGION,2496272.622,2409956.734,3,1,0,1,0,2,2,1,0,1,1,1,0,0,0,0,0,0,0,0,Not Alcohol Related,0,1,0,1,0,0,MELBOURNE_CBD,"MELB_URBAN,MELBOURNE_CBD",MELBOURNE,METROPOLITAN NORTH WEST REGION,,,Local Road,Local Road,Undivided,Undivided,Metro
2497328.073,2410098.039,56291,T20180014373,ABS to receive accident,Finished,2018/07/31 00:00:00+00,1899/12/30 15:45:00+00,No,Struck Pedestrian,Tuesday,PED NEAR SIDE. PED HIT BY VEHICLE FROM THE RIGHT.,No,Day,Yes,Cross intersection,Other injury accident,40 km/hr,No,36966,144.9696557,-37.81012746,Intersection,MELBOURNE,METROPOLITAN NORTH WEST REGION,2497328.073,2410098.039,2,1,0,0,1,1,0,2,0,0,1,1,0,0,0,0,0,0,0,0,Not Alcohol Related,0,1,0,1,0,0,MELBOURNE_CBD,MELBOURNE_CBD,MELBOURNE,METROPOLITAN NORTH WEST REGION,,,Local Road,Local Road,Divided,Divided,Metro
2496476.306,2408362.968,56346,T20180015179,ABS to receive accident,Finished,2018/08/11 00:00:00+00,1899/12/30 23:50:00+00,Yes,Struck Pedestrian,Saturday,PED NEAR SIDE. PED HIT BY VEHICLE FROM THE RIGHT.,No,Dark Street lights on,Yes,T intersection,Serious injury accident,60 km/hr,No,336046,144.9598379,-37.82578082,Intersection,MELBOURNE,METROPOLITAN NORTH WEST REGION,2496476.306,2408362.968,2,1,0,1,0,1,1,1,0,0,1,1,0,0,0,0,0,0,0,1,Not Alcohol Related,0,1,0,1,0,0,MELB_URBAN,MELB_URBAN,MELBOURNE,METROPOLITAN NORTH WEST REGION,,,Local Road,Local Road,Undivided,Undivided,Metro
2494687.501,2409658.954,56466,T20180016937,ABS to receive accident,Finished,2018/09/07 00:00:00+00,1899/12/30 06:30:00+00,No,Struck Pedestrian,Friday,FAR SIDE. PED HIT BY VEHICLE FROM THE LEFT,No,Dusk/Dawn,Yes,Cross intersection,Other injury accident,60 km/hr,No,247628,144.9396972,-37.81410936,Intersection,MELBOURNE,METROPOLITAN NORTH WEST REGION,2494687.501,2409658.954,2,1,0,0,1,1,1,1,0,0,1,1,0,0,0,0,0,0,0,0,Not Alcohol Related,0,1,0,1,0,0,MELB_URBAN,MELB_URBAN,MELBOURNE,METROPOLITAN NORTH WEST REGION,,,Local Road,Local Road,Undivided,Undivided,Metro
2496899.905,2408741.744,56903,T20180023149,ABS to receive accident,Finished,2018/12/10 00:00:00+00,1899/12/30 08:52:00+00,No,Struck Pedestrian,Monday,FAR SIDE. PED HIT BY VEHICLE FROM THE LEFT,No,Day,Yes,Not at intersection,Serious injury accident,60 km/hr,No,340236,144.9647955,-37.82236229,Non-Intersection,MELBOURNE,METROPOLITAN NORTH WEST REGION,2496899.905,2408741.744,2,1,0,1,0,1,2,0,0,0,1,1,0,0,0,0,0,0,0,0,Not Alcohol Related,0,1,0,1,0,0,MELB_URBAN,MELB_URBAN,MELBOURNE,METROPOLITAN NORTH WEST REGION,,,Arterial Highway,Arterial Highway,Divided,Divided,Metro
2495641.913,2408988.287,56904,T20180023200,ABS to receive accident,Finished,2018/12/10 00:00:00+00,1899/12/30 18:30:00+00,Yes,Struck Pedestrian,Sunday,PED EMERGES FROM IN FRONT OF PARKED OR STATIONARY VEHICLE,No,Dusk/Dawn,Yes,Not at intersection,Serious injury accident,40 km/hr,No,287546,144.9504905,-37.82009747,Non-Intersection,MELBOURNE,METROPOLITAN NORTH WEST REGION,2495641.913,2408988.287,2,1,0,1,0,1,1,0,0,0,1,1,0,0,0,0,0,0,0,0,Not Alcohol Related,0,1,0,0,0,1,MELB_URBAN,MELB_URBAN,MELBOURNE,METROPOLITAN NORTH WEST REGION,,,Local Road,Local Road,Undivided,Undivided,Metro
2497164.61,2410037.983,57205,T20180001416,ABS to receive accident,Unfinished,2018/01/23 00:00:00+00,1899/12/30 18:00:00+00,Yes,Struck Pedestrian,Tuesday,FAR SIDE. PED HIT BY VEHICLE FROM THE LEFT,No,Day,Yes,Not at intersection,Serious injury accident,40 km/hr,No,326901,144.9677269,-37.81046081,Non-Intersection,MELBOURNE,METROPOLITAN NORTH WEST REGION,2497164.61,2410037.983,2,1,0,1,0,1,2,0,0,0,1,1,0,0,0,0,0,0,0,0,Not Alcohol Related,0,2,0,2,0,0,MELBOURNE_CBD,MELBOURNE_CBD,MELBOURNE,METROPOLITAN NORTH WEST REGION,,,Local Road,Local Road,Divided,Divided,Metro
2496712.723,2408579.678,57398,T20180003956,ABS to receive accident,Finished,2018/03/01 00:00:00+00,1899/12/30 18:20:00+00,Yes,Struck Pedestrian,Wednesday,VEH STRIKES PED ON FOOTPATH/MEDIAN/TRAFFIC ISLAND.,Yes,Dusk/Dawn,Yes,Cross intersection,Other injury accident,60 km/hr,No,343266,144.9627446,-37.82380592,Intersection,MELBOURNE,METROPOLITAN NORTH WEST REGION,2496712.723,2408579.678,3,1,0,0,1,2,2,0,0,0,1,2,0,0,0,0,0,0,0,0,Not Alcohol Related,0,1,1,0,0,0,MELB_URBAN,MELB_URBAN,MELBOURNE,METROPOLITAN NORTH WEST REGION,,,Arterial Highway,"Local Road,Arterial Highway",Divided,Divided,Metro
2496634.522,2410734.038,57472,T20190000281,ABS to receive accident,Finished,2019/01/05 00:00:00+00,1899/12/30 19:20:00+00,Yes,Struck Pedestrian,Friday,PED NEAR SIDE. PED HIT BY VEHICLE FROM THE RIGHT.,No,Day,Yes,Cross intersection,Other injury accident,60 km/hr,No,36258,144.9617066,-37.8044052,Intersection,MELBOURNE,METROPOLITAN NORTH WEST REGION,2496634.522,2410734.038,4,1,0,0,1,3,3,1,0,1,1,2,0,0,0,0,0,0,0,1,Not Alcohol Related,0,1,0,1,0,0,MELB_URBAN,MELB_URBAN,MELBOURNE,METROPOLITAN NORTH WEST REGION,,,Local Road,Local Road,Divided,Divided,Metro
2495136.073,2411412.309,57558,T20190001376,ABS to receive accident,Finished,2019/01/23 00:00:00+00,1899/12/30 19:00:00+00,Yes,Struck Pedestrian,Tuesday,PED ON FOOTHPATH STRUCK BY VEHENTERING/LEAVING DRIVEWAY.,No,Day,Yes,Not at intersection,Other injury accident,50 km/hr,No,341585,144.9447768,-37.79822759,Non-Intersection,MELBOURNE,METROPOLITAN NORTH WEST REGION,2495136.073,2411412.309,3,1,0,0,1,2,2,1,0,1,1,1,0,0,0,1,0,0,0,0,Not Alcohol Related,0,1,0,1,0,0,MELB_URBAN,MELB_URBAN,MELBOURNE,METROPOLITAN NORTH WEST REGION,,,Local Road,Local Road,Divided,Divided,Metro
2495235.741,2411162.539,57608,T20190001969,ABS to receive accident,Finished,2019/01/07 00:00:00+00,1899/12/30 09:30:00+00,No,Struck Pedestrian,Monday,ANY MANOEUVRE INVOLVING PED NOT INCLUDED IN DCAs 100-108.,No,Day,Yes,Cross intersection,Serious injury accident,60 km/hr,No,36095,144.9459007,-37.80052789,Intersection,MELBOURNE,METROPOLITAN NORTH WEST REGION,2495235.741,2411162.539,2,1,0,1,0,1,1,1,0,0,1,1,0,0,0,0,0,0,0,0,Not Alcohol Related,0,1,0,0,0,1,MELB_URBAN,MELB_URBAN,MELBOURNE,METROPOLITAN NORTH WEST REGION,,,Local Road,Local Road,Undivided,Undivided,Metro
2498182.102,2408821.889,57727,T20190003407,Non ABS accident,Finished,2019/02/18 00:00:00+00,1899/12/30 14:39:00+00,No,Struck Pedestrian,Sunday,PED PLAYING/LYING/WORKING/STANDING ON CARRIAGEWAY.,No,Day,Yes,Not at intersection,Serious injury accident,40 km/hr,No,342523,144.9793516,-37.8216277,Off Road,MELBOURNE,METROPOLITAN NORTH WEST REGION,2498182.102,2408821.889,2,1,0,1,0,1,2,0,0,0,1,1,0,0,0,0,0,0,0,0,Not Alcohol Related,0,1,1,0,0,0,MELB_URBAN,MELB_URBAN,MELBOURNE,METROPOLITAN NORTH WEST REGION,,,,,,,Metro
2497389.174,2409626.562,57734,T20180005008,ABS to receive accident,Finished,2018/03/15 00:00:00+00,1899/12/30 22:06:00+00,Yes,Struck Pedestrian,Thursday,ANY MANOEUVRE INVOLVING PED NOT INCLUDED IN DCAs 100-108.,No,Dark Street lights on,Yes,Not at intersection,Serious injury accident,40 km/hr,No,328171,144.9703583,-37.81439254,Non-Intersection,MELBOURNE,METROPOLITAN NORTH WEST REGION,2497389.174,2409626.562,2,1,0,1,0,1,2,0,0,0,1,1,0,0,0,0,0,0,0,0,Not Alcohol Related,0,1,0,0,0,0,MELBOURNE_CBD,MELBOURNE_CBD,MELBOURNE,METROPOLITAN NORTH WEST REGION,,,Local Road,Local Road,Undivided,Undivided,Metro
2496338.293,2409111.76,57791,T20190003789,ABS to receive accident,Finished,2019/02/27 00:00:00+00,1899/12/30 10:01:00+00,No,Struck Pedestrian,Wednesday,FAR SIDE. PED HIT BY VEHICLE FROM THE LEFT,No,Day,Yes,Not at intersection,Other injury accident,40 km/hr,No,313703,144.9584744,-37.81914995,Non-Intersection,MELBOURNE,METROPOLITAN NORTH WEST REGION,2496338.293,2409111.76,2,1,0,0,1,1,1,1,0,0,1,1,0,0,0,0,0,0,0,0,Not Alcohol Related,0,1,0,1,0,0,MELBOURNE_CBD,MELBOURNE_CBD,MELBOURNE,METROPOLITAN NORTH WEST REGION,,,Local Road,Local Road,Undivided,Undivided,Metro
2495314.016,2409613.055,57902,T20180007044,ABS to receive accident,Finished,2018/04/14 00:00:00+00,1899/12/30 13:20:00+00,No,Struck Pedestrian,Saturday,PED NEAR SIDE. PED HIT BY VEHICLE FROM THE RIGHT.,No,Day,Yes,Not at intersection,Other injury accident,60 km/hr,No,329317,144.946784,-37.81450106,Non-Intersection,MELBOURNE,METROPOLITAN NORTH WEST REGION,2495314.016,2409613.055,2,1,0,0,1,1,2,0,0,0,1,1,0,0,0,0,1,0,0,0,Not Alcohol Related,0,1,0,0,0,1,MELB_URBAN,MELB_URBAN,MELBOURNE,METROPOLITAN NORTH WEST REGION,,,Local Road,Local Road,Divided,Divided,Metro
2496876.211,2409313.137,58041,T20180009313,ABS to receive accident,Finished,2018/05/17 00:00:00+00,1899/12/30 12:05:00+00,No,Struck Pedestrian,Thursday,PED EMERGES FROM IN FRONT OF PARKED OR STATIONARY VEHICLE,No,Day,Yes,Cross intersection,Serious injury accident,40 km/hr,No,35361,144.9644975,-37.8171404,Intersection,MELBOURNE,METROPOLITAN NORTH WEST REGION,2496876.211,2409313.137,4,2,0,1,1,2,4,0,0,2,1,1,0,0,0,0,0,0,0,0,Not Alcohol Related,0,1,0,1,0,0,MELBOURNE_CBD,MELBOURNE_CBD,MELBOURNE,METROPOLITAN NORTH WEST REGION,,,Local Road,Local Road,Undivided,Undivided,Metro
2496702.513,2408573.632,58081,T20180009735,ABS to receive accident,Finished,2018/05/23 00:00:00+00,1899/12/30 09:28:00+00,No,Struck Pedestrian,Wednesday,FAR SIDE. PED HIT BY VEHICLE FROM THE LEFT,No,Day,Yes,Cross intersection,Serious injury accident,60 km/hr,No,53216,144.9625784,-37.82392009,Intersection,MELBOURNE,METROPOLITAN NORTH WEST REGION,2496702.513,2408573.632,3,1,0,1,0,2,2,1,0,1,1,1,0,0,0,0,0,0,0,0,Not Alcohol Related,0,1,0,1,0,0,MELB_URBAN,MELB_URBAN,MELBOURNE,METROPOLITAN NORTH WEST REGION,,,Arterial Highway,"Arterial Highway,Arterial Other,Local Road",Divided,Divided,Metro
2496597.503,2410076.774,58165,T20180010793,ABS to receive accident,Finished,2018/06/08 00:00:00+00,1899/12/30 14:05:00+00,No,Struck Pedestrian,Friday,FAR SIDE. PED HIT BY VEHICLE FROM THE LEFT,No,Day,Yes,Cross intersection,Other injury accident,40 km/hr,No,65743,144.9613199,-37.8104164,Intersection,MELBOURNE,METROPOLITAN NORTH WEST REGION,2496597.503,2410076.774,2,1,0,0,1,1,1,0,0,0,1,1,0,0,0,0,0,0,0,0,Not Alcohol Related,0,1,0,1,0,0,MELBOURNE_CBD,"MELB_URBAN,MELBOURNE_CBD",MELBOURNE,METROPOLITAN NORTH WEST REGION,,,Local Road,Local Road,Undivided,Undivided,Metro
2495611.651,2408716.801,58635,T20180014925,ABS to receive accident,Finished,2018/08/08 00:00:00+00,1899/12/30 13:41:00+00,No,Struck Pedestrian,Wednesday,PED NEAR SIDE. PED HIT BY VEHICLE FROM THE RIGHT.,No,Day,Yes,T intersection,Other injury accident,60 km/hr,No,78,144.950224,-37.82257111,Intersection,MELBOURNE,METROPOLITAN NORTH WEST REGION,2495611.651,2408716.801,2,1,0,0,1,1,2,0,0,0,1,1,0,0,0,0,0,0,0,0,Not Alcohol Related,0,1,0,1,0,0,MELB_URBAN,MELB_URBAN,MELBOURNE,METROPOLITAN NORTH WEST REGION,,,Arterial Highway,"Local Road,Arterial Highway",Divided,"Undivided,Divided",Metro
2496854.819,2410048.345,58732,T20180016274,ABS to receive accident,Finished,2018/08/29 00:00:00+00,1899/12/30 08:15:00+00,No,Struck Pedestrian,Wednesday,PED NEAR SIDE. PED HIT BY VEHICLE FROM THE RIGHT.,No,Day,Yes,Cross intersection,Other injury accident,40 km/hr,No,36916,144.9642809,-37.81057375,Intersection,MELBOURNE,METROPOLITAN NORTH WEST REGION,2496854.819,2410048.345,2,1,0,0,1,1,2,0,0,0,0,1,0,1,0,0,0,0,0,0,Not Alcohol Related,0,1,0,0,1,0,MELBOURNE_CBD,MELBOURNE_CBD,MELBOURNE,METROPOLITAN NORTH WEST REGION,,,Local Road,Local Road,Undivided,Undivided,Metro
2494964.697,2408990.15,59049,T20180020398,ABS to receive accident,Unfinished,2018/10/30 00:00:00+00,1899/12/30 13:16:00+00,No,Struck Pedestrian,Tuesday,PED NEAR SIDE. PED HIT BY VEHICLE FROM THE RIGHT.,Yes,Day,Yes,Cross intersection,Serious injury accident,50 km/hr,No,338533,144.9427696,-37.82009019,Intersection,MELBOURNE,METROPOLITAN NORTH WEST REGION,2494964.697,2408990.15,3,1,0,1,0,2,2,1,0,0,1,1,0,0,1,0,0,0,0,1,Not Alcohol Related,0,2,0,2,0,0,MELB_URBAN,MELB_URBAN,MELBOURNE,METROPOLITAN NORTH WEST REGION,,,Local Road,Local Road,Undivided,Undivided,Metro
2496785.505,2411163.06,59290,T20190010218,ABS to receive accident,Finished,2019/05/30 00:00:00+00,1899/12/30 17:00:00+00,No,Struck Pedestrian,Thursday,PED NEAR SIDE. PED HIT BY VEHICLE FROM THE RIGHT.,Yes,Dusk/Dawn,No,Not at intersection,Other injury accident,40 km/hr,No,345686,144.9635098,-37.80052752,Non-Intersection,MELBOURNE,METROPOLITAN NORTH WEST REGION,2496785.505,2411163.06,2,1,0,0,1,0,0,1,0,0,0,1,0,0,1,0,0,0,0,0,Not Alcohol Related,0,1,0,0,0,0,MELB_URBAN,MELB_URBAN,MELBOURNE,METROPOLITAN NORTH WEST REGION,,,Local Road,Local Road,Undivided,Undivided,Metro
2496573.211,2409820.71,59516,T20180021049,ABS to receive accident,Finished,2018/11/10 00:00:00+00,1899/12/30 00:45:00+00,Yes,Struck Pedestrian,Saturday,PED EMERGES FROM IN FRONT OF PARKED OR STATIONARY VEHICLE,No,Dark Street lights on,Yes,Not at intersection,Other injury accident,40 km/hr,No,340981,144.961126,-37.8126055,Non-Intersection,MELBOURNE,METROPOLITAN NORTH WEST REGION,2496573.211,2409820.71,2,1,0,0,1,1,2,0,0,0,1,1,0,0,0,0,0,0,0,0,Not Alcohol Related,0,1,0,1,0,0,MELBOURNE_CBD,MELBOURNE_CBD,MELBOURNE,METROPOLITAN NORTH WEST REGION,,,Local Road,Local Road,Divided,Divided,Metro
2495693.733,2410864.332,59562,T20180021531,ABS to receive accident,Finished,2018/11/17 00:00:00+00,1899/12/30 08:00:00+00,No,Struck Pedestrian,Friday,PED NEAR SIDE. PED HIT BY VEHICLE FROM THE RIGHT.,No,Day,No,Cross intersection,Other injury accident,50 km/hr,No,36122,144.9511116,-37.80321136,Intersection,MELBOURNE,METROPOLITAN NORTH WEST REGION,2495693.733,2410864.332,2,1,0,0,1,1,2,0,0,0,1,1,0,0,0,0,0,0,0,0,Not Alcohol Related,0,1,0,1,0,0,MELB_URBAN,MELB_URBAN,MELBOURNE,METROPOLITAN NORTH WEST REGION,,,Local Road,Local Road,Divided,Divided,Metro
2497622.429,2409682.72,59575,T20180021707,Non ABS accident,Finished,2018/11/19 00:00:00+00,1899/12/30 23:55:00+00,Yes,Struck Pedestrian,Sunday,PED STRUCK WALKING TO/FROM OR BOARDING/ALIGHTING VEHICLE.,Yes,Dark Street lights on,No,Private property,Other injury accident,40 km/hr,No,360409,144.9729973,-37.81387033,Off Road,MELBOURNE,METROPOLITAN NORTH WEST REGION,2497622.429,2409682.72,2,1,0,0,1,0,1,0,0,0,1,1,0,0,0,0,0,0,0,0,Not Alcohol Related,0,1,0,1,0,0,MELBOURNE_CBD,MELBOURNE_CBD,MELBOURNE,METROPOLITAN NORTH WEST REGION,,,,,,,Metro
2497069.494,2409879.438,59675,T20180023157,ABS to receive accident,Finished,2018/12/10 00:00:00+00,1899/12/30 12:50:00+00,No,Struck Pedestrian,Sunday,FAR SIDE. PED HIT BY VEHICLE FROM THE LEFT,Yes,Day,Yes,Not at intersection,Other injury accident,40 km/hr,No,343947,144.9667184,-37.81209313,Non-Intersection,MELBOURNE,METROPOLITAN NORTH WEST REGION,2497069.494,2409879.438,2,1,0,0,1,1,0,2,0,0,1,1,0,0,0,0,0,0,0,0,Not Alcohol Related,0,1,0,1,0,0,MELBOURNE_CBD,MELBOURNE_CBD,MELBOURNE,METROPOLITAN NORTH WEST REGION,,,Local Road,Local Road,Undivided,Undivided,Metro
2496224.419,2408391.777,59752,T20180024373,ABS to receive accident,Finished,2018/12/27 00:00:00+00,1899/12/30 14:40:00+00,No,Struck Pedestrian,Thursday,PED NEAR SIDE. PED HIT BY VEHICLE FROM THE RIGHT.,No,Day,Yes,Cross intersection,Other injury accident,60 km/hr,No,46911,144.9570371,-37.82554905,Intersection,MELBOURNE,METROPOLITAN NORTH WEST REGION,2496224.419,2408391.777,2,1,0,0,1,1,2,0,0,0,1,1,0,0,0,0,0,0,0,0,Not Alcohol Related,0,1,0,1,0,0,MELB_URBAN,MELB_URBAN,MELBOURNE,METROPOLITAN NORTH WEST REGION,,,Arterial Other,"Arterial Other,Local Road",Undivided,Undivided,Metro
2496263.357,2408961.524,59794,T20190000456,ABS to receive accident,Finished,2019/01/08 00:00:00+00,1899/12/30 23:00:00+00,Yes,Struck Pedestrian,Tuesday,PED NEAR SIDE. PED HIT BY VEHICLE FROM THE RIGHT.,No,Dark Street lights on,Yes,Cross intersection,Serious injury accident,40 km/hr,No,36856,144.9575199,-37.82039626,Intersection,MELBOURNE,METROPOLITAN NORTH WEST REGION,2496263.357,2408961.524,2,1,0,1,0,1,1,1,0,0,1,1,0,0,0,0,0,0,0,1,Not Alcohol Related,0,1,0,1,0,0,MELBOURNE_CBD,"MELB_URBAN,MELBOURNE_CBD",MELBOURNE,METROPOLITAN NORTH WEST REGION,,,Arterial Highway,"Arterial Other,Local Road,Arterial Highway",Divided,"Divided,Undivided",Metro
2498113.488,2408627.478,59828,T20190000943,ABS to receive accident,Finished,2019/01/16 00:00:00+00,1899/12/30 21:10:00+00,Yes,Struck Pedestrian,Tuesday,PED NEAR SIDE. PED HIT BY VEHICLE FROM THE RIGHT.,No,Dark Street lights on,Yes,T intersection,Other injury accident,40 km/hr,No,341373,144.978667,-37.82343134,Non-Intersection,MELBOURNE,METROPOLITAN NORTH WEST REGION,2498113.488,2408627.478,2,1,0,0,1,1,2,0,0,0,1,1,0,0,0,0,0,0,0,1,Not Alcohol Related,0,1,0,1,0,0,MELB_URBAN,MELB_URBAN,MELBOURNE,METROPOLITAN NORTH WEST REGION,,,Freeway,"Arterial Highway,Freeway",Divided,Divided,Metro
2497378.641,2410116.618,59870,T20190001516,ABS to receive accident,Finished,2019/01/25 00:00:00+00,1899/12/30 19:08:00+00,Yes,Struck Pedestrian,Friday,FAR SIDE. PED HIT BY VEHICLE FROM THE LEFT,No,Day,Yes,Not at intersection,Other injury accident,40 km/hr,No,341588,144.9702283,-37.80994925,Non-Intersection,MELBOURNE,METROPOLITAN NORTH WEST REGION,2497378.641,2410116.618,2,1,0,0,1,1,1,1,0,0,1,1,0,0,0,0,0,0,0,0,Not Alcohol Related,0,1,0,1,0,0,MELBOURNE_CBD,MELBOURNE_CBD,MELBOURNE,METROPOLITAN NORTH WEST REGION,,,Local Road,Local Road,Divided,Divided,Metro
2496941.51,2407843.548,59970,T20190003018,ABS to receive accident,Finished,2019/02/16 00:00:00+00,1899/12/30 16:40:00+00,Yes,Struck Pedestrian,Saturday,PED NEAR SIDE. PED HIT BY VEHICLE FROM THE RIGHT.,No,Day,Yes,T intersection,Serious injury accident,40 km/hr,No,342314,144.9652877,-37.83044683,Non-Intersection,MELBOURNE,METROPOLITAN NORTH WEST REGION,2496941.51,2407843.548,3,1,0,1,0,2,1,2,0,1,1,1,0,0,0,0,1,0,0,0,Not Alcohol Related,0,1,0,1,0,0,MELB_URBAN,MELB_URBAN,MELBOURNE,METROPOLITAN NORTH WEST REGION,,,Local Road,Local Road,Undivided,Undivided,Metro
2496899.272,2408261.246,60075,T20190004656,Heart attk/suicide/death by nat.causes,Finished,2019/03/11 00:00:00+00,1899/12/30 09:21:00+00,No,Struck Pedestrian,Monday,PED PLAYING/LYING/WORKING/STANDING ON CARRIAGEWAY.,No,Day,Yes,Not at intersection,Fatal accident,80 km/hr,No,344870,144.9647898,-37.82668608,Non-Intersection,MELBOURNE,METROPOLITAN NORTH WEST REGION,2496899.272,2408261.246,2,1,1,0,0,1,2,0,0,0,1,1,0,0,0,0,0,0,0,1,Not Alcohol Related,0,1,1,0,0,0,MELB_URBAN,MELB_URBAN,MELBOURNE,METROPOLITAN NORTH WEST REGION,M,M,Freeway,Freeway,Divided,Divided,Metro
2497155.387,2410660.1,60129,T20190005311,ABS to receive accident,Finished,2019/03/19 00:00:00+00,1899/12/30 21:15:00+00,Yes,Struck Pedestrian,Monday,PED NEAR SIDE. PED HIT BY VEHICLE FROM THE RIGHT.,No,Dark Street lights on,No,Cross intersection,Other injury accident,60 km/hr,No,36355,144.9676968,-37.80506277,Intersection,MELBOURNE,METROPOLITAN NORTH WEST REGION,2497155.387,2410660.1,2,1,0,0,1,1,1,1,0,0,1,1,0,0,0,0,0,0,0,0,Not Alcohol Related,0,1,0,1,0,0,MELB_URBAN,MELB_URBAN,MELBOURNE,METROPOLITAN NORTH WEST REGION,,,Local Road,Local Road,Divided,Divided,Metro
2496025.029,2408934.611,60375,T20190008966,ABS to receive accident,Finished,2019/05/12 00:00:00+00,1899/12/30 09:20:00+00,No,Struck Pedestrian,,FAR SIDE. PED HIT BY VEHICLE FROM THE LEFT,Yes,Day,Yes,Not at intersection,Other injury accident,40 km/hr,No,585054,144.95487,-37.8206,Non-Intersection,MELBOURNE,METROPOLITAN NORTH WEST REGION,2496025.029,2408934.611,2,1,0,0,1,0,1,0,0,0,1,1,0,0,0,0,0,0,0,0,Not Alcohol Related,0,1,0,1,0,0,MELBOURNE_CBD,"MELB_URBAN,MELBOURNE_CBD",MELBOURNE,METROPOLITAN NORTH WEST REGION,,,Arterial Other,Arterial Other,Undivided,Undivided,Metro